,,,Life Expectancy,,,,,,,,,,,,,,,,,,,,,,,,Premature Age-Adjusted Mortality,,,,,,,,,,,,,,,,,,,,,,,,,Child Mortality,,,,,,,,,,,,,,,,,,,,,,,,,Infant Mortality,,,,,,,,,,,,,,,,,,,,,,,,,Frequent Physical Distress,,,Diabetes Prevalence,,,HIV Prevalence,,Adult Obesity,,,Frequent Mental Distress,,,Suicides,,,,,,,,,,,,,,,,,,,,,,,,,,Feelings of Loneliness,,,Limited Access to Healthy Foods,,Food Insecurity,,Insufficient Sleep,,,Teen Births,,,,,,,,,,,,,,,,,,,,,,,,Sexually Transmitted Infections,,Excessive Drinking,,,Alcohol-Impaired Driving Deaths,,,,,Drug Overdose Deaths,,,,,,,,,,,,,,,,,,,,,,,,,Adult Smoking,,,Physical Inactivity,,,Uninsured Adults,,,,Uninsured Children,,,,Other Primary Care Providers,,Traffic Volume,Homeownership,,,,Severe Housing Cost Burden,,,,Access to Parks,Adverse Climate Events,,,,Census Participation,Voter Turnout,High School Graduation,,Reading Scores,,,,,,Math Scores,,,,,,School Segregation,School Funding Adequacy,,Children Eligible for Free or Reduced Price Lunch,Gender Pay Gap,,,,,Median Household Income,,,,,,,,,,,,,,,,,,Child Care Centers,,Residential Segregation - Black/White,Homicides,,,,,,,,,,,,,,,,,,,,,,,,Motor Vehicle Crash Deaths,,,,,,,,,,,,,,,,,,,,,,,,,Firearm Fatalities,,,,,,,,,,,,,,,,,,,,,,,,,Disconnected Youth,,,Lack of Social and Emotional Support,,,% Below 18 Years of Age,% 65 and Older,% Female,% American Indian or Alaska Native,,% Asian,,% Hispanic,,% Native Hawaiian or Other Pacific Islander,,% Non-Hispanic Black,,% Non-Hispanic White,,% Disability: Functional Limitations,% Not Proficient in English,,,,Children in Single-Parent Households,,,,,% Rural,,Population,
FIPS,State,County,Life Expectancy,95% CI - Low,95% CI - High,Life Expectancy (Hispanic (all races)),Life Expectancy (Hispanic (all races)) 95% CI - Low,Life Expectancy (Hispanic (all races)) 95% CI - High,Life Expectancy (Non-Hispanic AIAN),Life Expectancy (Non-Hispanic AIAN) 95% CI - Low,Life Expectancy (Non-Hispanic AIAN) 95% CI - High,Life Expectancy (Non-Hispanic Asian),Life Expectancy (Non-Hispanic Asian) 95% CI - Low,Life Expectancy (Non-Hispanic Asian) 95% CI - High,Life Expectancy (Non-Hispanic Black),Life Expectancy (Non-Hispanic Black) 95% CI - Low,Life Expectancy (Non-Hispanic Black) 95% CI - High,Life Expectancy (Non-Hispanic Native Hawaiian and Other Pacific Islander),Life Expectancy (Non-Hispanic Native Hawaiian and Other Pacific Islander) 95% CI - Low,Life Expectancy (Non-Hispanic Native Hawaiian and Other Pacific Islander) 95% CI - High,Life Expectancy (Non-Hispanic 2+ races),Life Expectancy (Non-Hispanic 2+ races) 95% CI - Low,Life Expectancy (Non-Hispanic 2+ races) 95% CI - High,Life Expectancy (Non-Hispanic White),Life Expectancy (Non-Hispanic White) 95% CI - Low,Life Expectancy (Non-Hispanic White) 95% CI - High,# Deaths,Age-Adjusted Death Rate,95% CI - Low,95% CI - High,Age-Adjusted Mortality (Hispanic (all races)),Age-Adjusted Mortality (Hispanic (all races)) 95% CI - Low,Age-Adjusted Mortality (Hispanic (all races)) 95% CI - High,Age-Adjusted Mortality (Non-Hispanic AIAN),Age-Adjusted Mortality (Non-Hispanic AIAN) 95% CI - Low,Age-Adjusted Mortality (Non-Hispanic AIAN) 95% CI - High,Age-Adjusted Mortality (Non-Hispanic Asian),Age-Adjusted Mortality (Non-Hispanic Asian) 95% CI - Low,Age-Adjusted Mortality (Non-Hispanic Asian) 95% CI - High,Age-Adjusted Mortality (Non-Hispanic Black),Age-Adjusted Mortality (Non-Hispanic Black) 95% CI - Low,Age-Adjusted Mortality (Non-Hispanic Black) 95% CI - High,Age-Adjusted Mortality (Non-Hispanic Native Hawaiian and Other Pacific Islander),Age-Adjusted Mortality (Non-Hispanic Native Hawaiian and Other Pacific Islander) 95% CI - Low,Age-Adjusted Mortality (Non-Hispanic Native Hawaiian and Other Pacific Islander) 95% CI - High,Age-Adjusted Mortality (Non-Hispanic 2+ races),Age-Adjusted Mortality (Non-Hispanic 2+ races) 95% CI - Low,Age-Adjusted Mortality (Non-Hispanic 2+ races) 95% CI - High,Age-Adjusted Mortality (Non-Hispanic White),Age-Adjusted Mortality (Non-Hispanic White) 95% CI - Low,Age-Adjusted Mortality (Non-Hispanic White) 95% CI - High,# Deaths,Child Mortality Rate,95% CI - Low,95% CI - High,Child Mortality Rate (Hispanic (all races)),Child Mortality Rate (Hispanic (all races)) 95% CI - Low,Child Mortality Rate (Hispanic (all races)) 95% CI - High,Child Mortality Rate (Non-Hispanic AIAN),Child Mortality Rate (Non-Hispanic AIAN) 95% CI - Low,Child Mortality Rate (Non-Hispanic AIAN) 95% CI - High,Child Mortality Rate (Non-Hispanic Asian),Child Mortality Rate (Non-Hispanic Asian) 95% CI - Low,Child Mortality Rate (Non-Hispanic Asian) 95% CI - High,Child Mortality Rate (Non-Hispanic Black),Child Mortality Rate (Non-Hispanic Black) 95% CI - Low,Child Mortality Rate (Non-Hispanic Black) 95% CI - High,Child Mortality Rate (Non-Hispanic Native Hawaiian and Other Pacific Islander),Child Mortality Rate (Non-Hispanic Native Hawaiian and Other Pacific Islander) 95% CI - Low,Child Mortality Rate (Non-Hispanic Native Hawaiian and Other Pacific Islander) 95% CI - High,Child Mortality Rate (Non-Hispanic 2+ races),Child Mortality Rate (Non-Hispanic 2+ races) 95% CI - Low,Child Mortality Rate (Non-Hispanic 2+ races) 95% CI - High,Child Mortality Rate (Non-Hispanic White),Child Mortality Rate (Non-Hispanic White) 95% CI - Low,Child Mortality Rate (Non-Hispanic White) 95% CI - High,# Deaths,Infant Mortality Rate,95% CI - Low,95% CI - High,Infant Mortality Rate (Hispanic (all races)),Infant Mortality Rate (Hispanic (all races)) 95% CI - Low,Infant Mortality Rate (Hispanic (all races)) 95% CI - High,Infant Mortality Rate (Non-Hispanic AIAN),Infant Mortality Rate (Non-Hispanic AIAN) 95% CI - Low,Infant Mortality Rate (Non-Hispanic AIAN) 95% CI - High,Infant Mortality Rate (Non-Hispanic Asian),Infant Mortality Rate (Non-Hispanic Asian) 95% CI - Low,Infant Mortality Rate (Non-Hispanic Asian) 95% CI - High,Infant Mortality Rate (Non-Hispanic Black),Infant Mortality Rate (Non-Hispanic Black) 95% CI - Low,Infant Mortality Rate (Non-Hispanic Black) 95% CI - High,Infant Mortality Rate (Non-Hispanic Native Hawaiian and Other Pacific Islander),Infant Mortality Rate (Non-Hispanic Native Hawaiian and Other Pacific Islander) 95% CI - Low,Infant Mortality Rate (Non-Hispanic Native Hawaiian and Other Pacific Islander) 95% CI - High,Infant Mortality Rate (Non-Hispanic 2+ races),Infant Mortality Rate (Non-Hispanic 2+ races) 95% CI - Low,Infant Mortality Rate (Non-Hispanic 2+ races) 95% CI - High,Infant Mortality Rate (Non-Hispanic White),Infant Mortality Rate (Non-Hispanic White) 95% CI - Low,Infant Mortality Rate (Non-Hispanic White) 95% CI - High,% Frequent Physical Distress,95% CI - Low,95% CI - High,% Adults with Diabetes,95% CI - Low,95% CI - High,# HIV Cases,HIV Prevalence Rate,% Adults with Obesity,95% CI - Low,95% CI - High,% Frequent Mental Distress,95% CI - Low,95% CI - High,# Deaths,Suicide Rate (Age-Adjusted),95% CI - Low,95% CI - High,Crude Rate,Suicide Rate (Hispanic (all races)),Suicide Rate (Hispanic (all races)) 95% CI - Low,Suicide Rate (Hispanic (all races)) 95% CI - High,Suicide Rate (Non-Hispanic AIAN),Suicide Rate (Non-Hispanic AIAN) 95% CI - Low,Suicide Rate (Non-Hispanic AIAN) 95% CI - High,Suicide Rate (Non-Hispanic Asian),Suicide Rate (Non-Hispanic Asian) 95% CI - Low,Suicide Rate (Non-Hispanic Asian) 95% CI - High,Suicide Rate (Non-Hispanic Black),Suicide Rate (Non-Hispanic Black) 95% CI - Low,Suicide Rate (Non-Hispanic Black) 95% CI - High,Suicide Rate (Non-Hispanic Native Hawaiian and Other Pacific Islander),Suicide Rate (Non-Hispanic Native Hawaiian and Other Pacific Islander) 95% CI - Low,Suicide Rate (Non-Hispanic Native Hawaiian and Other Pacific Islander) 95% CI - High,Suicide Rate (Non-Hispanic 2+ races),Suicide Rate (Non-Hispanic 2+ races) 95% CI - Low,Suicide Rate (Non-Hispanic 2+ races) 95% CI - High,Suicide Rate (Non-Hispanic White),Suicide Rate (Non-Hispanic White) 95% CI - Low,Suicide Rate (Non-Hispanic White) 95% CI - High,% feeling lonely,95% CI - Low,95% CI - High,# Limited Access to Healthy Foods,% Limited Access to Healthy Foods,# Food Insecure,% Food Insecure,% Insufficient Sleep,95% CI - Low,95% CI - High,Teen Birth Rate,95% CI - Low,95% CI - High,Teen Birth Rate (Hispanic (all races)),Teen Birth Rate (Hispanic (all races)) 95% CI - Low,Teen Birth Rate (Hispanic (all races)) 95% CI - High,Teen Birth Rate (Non-Hispanic AIAN),Teen Birth Rate (Non-Hispanic AIAN) 95% CI - Low,Teen Birth Rate (Non-Hispanic AIAN) 95% CI - High,Teen Birth Rate (Non-Hispanic Asian),Teen Birth Rate (Non-Hispanic Asian) 95% CI - Low,Teen Birth Rate (Non-Hispanic Asian) 95% CI - High,Teen Birth Rate (Non-Hispanic Black),Teen Birth Rate (Non-Hispanic Black) 95% CI - Low,Teen Birth Rate (Non-Hispanic Black) 95% CI - High,Teen Birth Rate (Non-Hispanic Native Hawaiian and Other Pacific Islander),Teen Birth Rate (Non-Hispanic Native Hawaiian and Other Pacific Islander) 95% CI - Low,Teen Birth Rate (Non-Hispanic Native Hawaiian and Other Pacific Islander) 95% CI - High,Teen Birth Rate (Non-Hispanic 2+ races),Teen Birth Rate (Non-Hispanic 2+ races) 95% CI - Low,Teen Birth Rate (Non-Hispanic 2+ races) 95% CI - High,Teen Birth Rate (Non-Hispanic White),Teen Birth Rate (Non-Hispanic White) 95% CI - Low,Teen Birth Rate (Non-Hispanic White) 95% CI - High,# Chlamydia Cases,Chlamydia Rate,% Excessive Drinking,95% CI - Low,95% CI - High,# Alcohol-Impaired Driving Deaths,# Driving Deaths,% Driving Deaths with Alcohol Involvement,95% CI - Low,95% CI - High,# Drug Overdose Deaths,Drug Overdose Mortality Rate,95% CI - Low,95% CI - High,Drug Overdose Mortality Rate (Hispanic (all races)),Drug Overdose Mortality Rate (Hispanic (all races)) 95% CI - Low,Drug Overdose Mortality Rate (Hispanic (all races)) 95% CI - High,Drug Overdose Mortality Rate (Non-Hispanic AIAN),Drug Overdose Mortality Rate (Non-Hispanic AIAN) 95% CI - Low,Drug Overdose Mortality Rate (Non-Hispanic AIAN) 95% CI - High,Drug Overdose Mortality Rate (Non-Hispanic Asian),Drug Overdose Mortality Rate (Non-Hispanic Asian) 95% CI - Low,Drug Overdose Mortality Rate (Non-Hispanic Asian) 95% CI - High,Drug Overdose Mortality Rate (Non-Hispanic Black),Drug Overdose Mortality Rate (Non-Hispanic Black) 95% CI - Low,Drug Overdose Mortality Rate (Non-Hispanic Black) 95% CI - High,Drug Overdose Mortality Rate (Non-Hispanic Native Hawaiian and Other Pacific Islander),Drug Overdose Mortality Rate (Non-Hispanic Native Hawaiian and Other Pacific Islander) 95% CI - Low,Drug Overdose Mortality Rate (Non-Hispanic Native Hawaiian and Other Pacific Islander) 95% CI - High,Drug Overdose Mortality Rate (Non-Hispanic 2+ races),Drug Overdose Mortality Rate (Non-Hispanic 2+ races) 95% CI - Low,Drug Overdose Mortality Rate (Non-Hispanic 2+ races) 95% CI - High,Drug Overdose Mortality Rate (Non-Hispanic White),Drug Overdose Mortality Rate (Non-Hispanic White) 95% CI - Low,Drug Overdose Mortality Rate (Non-Hispanic White) 95% CI - High,% Adults Reporting Currently Smoking,95% CI - Low,95% CI - High,% Physically Inactive,95% CI - Low,95% CI - High,# Uninsured Adults,% Uninsured Adults,95% CI - Low,95% CI - High,# Uninsured Children,% Uninsured Children,95% CI - Low,95% CI - High,Other Primary Care Provider Rate,Other Primary Care Provider Ratio,Traffic Volume,# Homeowners,% Homeowners,95% CI - Low,95% CI - High,# Households with Severe Cost Burden,% Households with Severe Cost Burden,95% CI - Low,95% CI - High,% with access to parks,Adverse Climate Events,Days above 90F,Weeks in moderate or greater drought,Disaster declarations,% Census Participation,% Voter Turnout,Cohort Size,High School Graduation Rate,Average Grade Performance,Average Grade Performance (AIAN),Average Grade Performance (Asian),Average Grade Performance (Black),Average Grade Performance (Hispanic),Average Grade Performance (White),Average Grade Performance,Average Grade Performance (AIAN),Average Grade Performance (Asian),Average Grade Performance (Black),Average Grade Performance (Hispanic),Average Grade Performance (White),Segregation Index,Spending per Pupil,School Funding Adequacy,% Enrolled in Free or Reduced Lunch,Women's Median Earnings,Men's Median Earnings,Gender Pay Gap,95% CI - Low,95% CI - High,Median Household Income,95% CI - Low,95% CI - High,Household Income (AIAN),Household Income (AIAN) 95% CI - Low,Household Income (AIAN) 95% CI - High,Household Income (Asian),Household Income (Asian) 95% CI - Low,Household Income (Asian) 95% CI - High,Household Income (Black),Household Income (Black) 95% CI - Low,Household Income (Black) 95% CI - High,Household Income (Hispanic),Household Income (Hispanic) 95% CI - Low,Household Income (Hispanic) 95% CI - High,Household Income (White),Household Income (White) 95% CI - Low,Household Income (White) 95% CI - High,# Child Care Centers,"Child Care Centers per 1,000 Children",Segregation Index,Homicide Rate,95% CI - Low,95% CI - High,Homicide Rate (Hispanic (all races)),Homicide Rate (Hispanic (all races)) 95% CI - Low,Homicide Rate (Hispanic (all races)) 95% CI - High,Homicide Rate (Non-Hispanic AIAN),Homicide Rate (Non-Hispanic AIAN) 95% CI - Low,Homicide Rate (Non-Hispanic AIAN) 95% CI - High,Homicide Rate (Non-Hispanic Asian),Homicide Rate (Non-Hispanic Asian) 95% CI - Low,Homicide Rate (Non-Hispanic Asian) 95% CI - High,Homicide Rate (Non-Hispanic Black),Homicide Rate (Non-Hispanic Black) 95% CI - Low,Homicide Rate (Non-Hispanic Black) 95% CI - High,Homicide Rate (Non-Hispanic Native Hawaiian and Other Pacific Islander),Homicide Rate (Non-Hispanic Native Hawaiian and Other Pacific Islander) 95% CI - Low,Homicide Rate (Non-Hispanic Native Hawaiian and Other Pacific Islander) 95% CI - High,Homicide Rate (Non-Hispanic 2+ races),Homicide Rate (Non-Hispanic 2+ races) 95% CI - Low,Homicide Rate (Non-Hispanic 2+ races) 95% CI - High,Homicide Rate (Non-Hispanic White),Homicide Rate (Non-Hispanic White) 95% CI - Low,Homicide Rate (Non-Hispanic White) 95% CI - High,# Motor Vehicle Deaths,Motor Vehicle Mortality Rate,95% CI - Low,95% CI - High,MV Mortality Rate (Hispanic (all races)),MV Mortality Rate (Hispanic (all races)) 95% CI - Low,MV Mortality Rate (Hispanic (all races)) 95% CI - High,MV Mortality Rate (Non-Hispanic AIAN),MV Mortality Rate (Non-Hispanic AIAN) 95% CI - Low,MV Mortality Rate (Non-Hispanic AIAN) 95% CI - High,MV Mortality Rate (Non-Hispanic Asian),MV Mortality Rate (Non-Hispanic Asian) 95% CI - Low,MV Mortality Rate (Non-Hispanic Asian) 95% CI - High,MV Mortality Rate (Non-Hispanic Black),MV Mortality Rate (Non-Hispanic Black) 95% CI - Low,MV Mortality Rate (Non-Hispanic Black) 95% CI - High,MV Mortality Rate (Non-Hispanic Native Hawaiian and Other Pacific Islander),MV Mortality Rate (Non-Hispanic Native Hawaiian and Other Pacific Islander) 95% CI - Low,MV Mortality Rate (Non-Hispanic Native Hawaiian and Other Pacific Islander) 95% CI - High,MV Mortality Rate (Non-Hispanic 2+ races),MV Mortality Rate (Non-Hispanic 2+ races) 95% CI - Low,MV Mortality Rate (Non-Hispanic 2+ races) 95% CI - High,MV Mortality Rate (Non-Hispanic White),MV Mortality Rate (Non-Hispanic White) 95% CI - Low,MV Mortality Rate (Non-Hispanic White) 95% CI - High,# Firearm Fatalities,Firearm Fatalities Rate,95% CI - Low,95% CI - High,Firearm Fatalities Rate (Hispanic (all races)),Firearm Fatalities Rate (Hispanic (all races)) 95% CI - Low,Firearm Fatalities Rate (Hispanic (all races)) 95% CI - High,Firearm Fatalities Rate (Non-Hispanic AIAN),Firearm Fatalities Rate (Non-Hispanic AIAN) 95% CI - Low,Firearm Fatalities Rate (Non-Hispanic AIAN) 95% CI - High,Firearm Fatalities Rate (Non-Hispanic Asian),Firearm Fatalities Rate (Non-Hispanic Asian) 95% CI - Low,Firearm Fatalities Rate (Non-Hispanic Asian) 95% CI - High,Firearm Fatalities Rate (Non-Hispanic Black),Firearm Fatalities Rate (Non-Hispanic Black) 95% CI - Low,Firearm Fatalities Rate (Non-Hispanic Black) 95% CI - High,Firearm Fatalities Rate (Non-Hispanic Native Hawaiian and Other Pacific Islander),Firearm Fatalities Rate (Non-Hispanic Native Hawaiian and Other Pacific Islander) 95% CI - Low,Firearm Fatalities Rate (Non-Hispanic Native Hawaiian and Other Pacific Islander) 95% CI - High,Firearm Fatalities Rate (Non-Hispanic 2+ races),Firearm Fatalities Rate (Non-Hispanic 2+ races) 95% CI - Low,Firearm Fatalities Rate (Non-Hispanic 2+ races) 95% CI - High,Firearm Fatalities Rate (Non-Hispanic White),Firearm Fatalities Rate (Non-Hispanic White) 95% CI - Low,Firearm Fatalities Rate (Non-Hispanic White) 95% CI - High,% Disconnected Youth,95% CI - Low,95% CI - High,% lacking support,95% CI - Low,95% CI - High,% Below 18 Years of Age,% 65 and Over,% Female,# American Indian or Alaska Native,% American Indian or Alaska Native,# Asian,% Asian,# Hispanic,% Hispanic,# Native Hawaiian or Other Pacific Islander,% Native Hawaiian or Other Pacific Islander,# Non-Hispanic Black,% Non-Hispanic Black,# Non-Hispanic White,% Non-Hispanic White,% with disability,# Not Proficient in English,% Not Proficient in English,95% CI - Low,95% CI - High,# Children in Single-Parent Households,# Children in Households,% Children in Single-Parent Households,95% CI - Low,95% CI - High,# Rural Residents,% Rural,Population,
18000,Indiana,,75.1,75.0,75.2,,,,,,,,,,,,,,,,,,,,,,112598,474,471,477,,,,,,,,,,,,,,,,,,,,,,4443,63,61,65,,,,,,,,,,,,,,,,,,,,,,3939,7,7,7,,,,,,,,,,,,,,,,,,,,,,13,12,14,11,11,12,12781,223,38,37,40,18,17,19,5355,16,15,16,16,,,,,,,,,,,,,,,,,,,,,,32,31,33,561172,9,950220,14,39,37,40,19,19,19,,,,,,,,,,,,,,,,,,,,,,33834,495.2,17,16,18,795,4445,18,17,19,7814,38,37,39,,,,,,,,,,,,,,,,,,,,,,17,16,18,27,26,28,377541,9,9,10,86195,5,5,6,138,727:1,87,1886485,70,70,71,290360,11,11,11,37,,,,,,61.5,78399,88,3.1,,,,,,3.2,,,,,,0.25,12206,-170,51,47719,61372,0.78,0.77,0.78,69458,68511,70405,,,,,,,,,,,,,,,,,4,68,8,8,8,,,,,,,,,,,,,,,,,,,,,,6233,13,13,14,,,,,,,,,,,,,,,,,,,,,,5556,16,16,17,,,,,,,,,,,,,,,,,,,,,,6,5,6,25,,,23.1,17.2,50.4,32050,0.5,197232,2.9,602088,8.8,5681,0.1,683244,10.0,5217266,76.0,29,99256,2,1,2,379522,1592699,24,23,24,1955842,28.8,6862199,
18001,Indiana,Adams,77.0,76.0,78.0,,,,,,,,,,,,,,,,,,,,,,466,398,360,435,,,,,,,,,,,,,,,,,,,,,,50,103,77,136,,,,,,,,,,,,,,,,,,,,,,47,10,7,13,,,,,,,,,,,,,,,,,,,,,,16,14,18,13,11,14,8,29,40,33,48,21,19,23,12,7,4,13,7,,,,,,,,,,,,,,,,,,,,,,33,28,38,1632,5,4480,13,39,32,46,17,15,20,20,10,35,,,,,,,,,,,,,,,,17,14,20,66,183.0,18,14,21,4,30,13,5,24,16,15,8,24,,,,,,,,,,,,,,,,,,,,,,24,21,27,33,29,38,2592,14,11,16,1622,14,9,19,66,1512:1,35,10147,82,80,84,953,8,6,10,30,0,59,25,0,75.2,58.8,337,92,3.0,,,,3.0,3.0,3.2,,,,3.1,3.2,0.04,12867,148,43,44097,48531,0.91,0.82,0.99,66567,58906,74228,,,,,,,,,,61875,37762,85988,64662,58645,70679,9,3,,,,,,,,,,,,,,,,,,,,,,,,,,41,16,12,22,,,,,,,,,,,,,,,,,,,,,,,,,,,,,,,,,,,,,,,,,,,,,,,18,10,25,25,22,29,31.3,16.7,50.2,160,0.4,146,0.4,1768,4.9,11,0.0,256,0.7,33675,92.8,36,457,1,1,2,1153,11241,10,6,14,25368,70.8,36288,
18003,Indiana,Allen,75.6,75.3,75.9,81.0,78.8,83.2,,,,77.8,76.0,79.5,68.4,67.5,69.4,,,,,,,76.3,76.0,76.7,5640,439,428,451,337,291,383,,,,372,313,431,761,713,809,,,,,,,410,397,423,293,68,60,76,62,42,88,,,,,,,168,136,205,,,,,,,56,47,65,262,7,6,8,8,6,12,,,,,,,17,14,21,,,,,,,5,4,6,13,12,14,12,10,13,622,193,38,34,43,18,16,20,276,15,13,16,14,11,6,18,,,,17,9,29,14,10,20,,,,,,,15,13,17,32,28,35,42952,12,49920,13,36,32,40,22,21,23,32,28,35,,,,31,26,36,41,37,45,,,,27,22,32,14,13,15,2285,583.7,18,15,21,65,196,33,30,37,404,35,31,38,32,21,45,,,,,,,71,58,87,,,,,,,32,28,36,19,17,21,27,24,30,21955,10,8,11,5060,5,4,6,236,424:1,81,106582,69,68,70,15852,11,10,11,37,0,51,34,1,72.8,63.3,3990,89,3.0,,2.6,2.3,2.7,3.3,3.0,,2.7,2.3,2.7,3.4,0.14,11347,1238,51,46554,60181,0.77,0.75,0.80,66194,62966,69422,61875,12043,111707,65698,54233,77163,42530,37535,47525,57867,53673,62061,75057,73265,76849,114,4,56,10,9,11,9,5,14,,,,,,,55,46,63,,,,,,,4,3,5,282,11,9,12,8,5,13,,,,16,10,25,16,12,21,,,,,,,10,9,12,296,15,14,17,10,6,17,,,,11,5,20,48,39,57,,,,,,,12,10,14,7,5,8,25,22,28,25.3,16.0,50.8,1946,0.5,22268,5.6,36313,9.2,481,0.1,45046,11.4,277948,70.4,29,8774,2,2,3,24308,99167,25,23,26,49790,12.9,394545,
18005,Indiana,Bartholomew,76.0,75.4,76.7,95.2,67.5,123.0,,,,97.1,75.0,119.3,69.7,65.1,74.2,,,,,,,75.4,74.7,76.1,1299,452,426,477,310,214,436,,,,,,,732,518,1005,,,,,,,480,451,508,55,63,48,83,,,,,,,,,,,,,,,,,,,,,,48,7,5,9,,,,,,,,,,,,,,,,,,,,,,12,11,14,10,9,12,65,94,34,28,40,17,15,19,56,13,10,17,13,,,,,,,,,,,,,,,,,,,,,,31,27,36,8053,10,11320,14,37,31,42,22,20,24,35,28,44,,,,,,,,,,,,,29,17,47,21,19,23,269,322.0,17,14,21,10,70,14,9,21,102,41,33,49,,,,,,,,,,,,,,,,,,,,,,16,14,18,25,21,29,4430,9,8,11,870,4,3,6,143,700:1,67,23063,70,68,72,3437,11,9,12,31,0,86,33,0,71.7,63.5,1064,81,3.1,,,,2.8,3.2,3.1,,4.4,,2.7,3.2,0.08,11099,146,46,51954,72131,0.72,0.66,0.78,79870,71042,88698,,,,113069,108910,117228,85216,59324,111108,70117,45633,94601,77721,71373,84069,26,5,46,3,2,5,,,,,,,,,,,,,,,,,,,,,,89,15,12,19,,,,,,,,,,,,,,,,,,,,,,42,10,7,14,,,,,,,,,,,,,,,,,,,,,,,,,23,19,26,24.1,17.2,49.5,420,0.5,6161,7.3,8005,9.5,123,0.1,1975,2.4,66091,78.7,28,883,1,1,2,4609,20032,23,18,28,25233,30.7,84003,
18007,Indiana,Benton,74.5,72.6,76.4,,,,,,,,,,,,,,,,,,,,,,162,512,429,595,,,,,,,,,,,,,,,,,,,,,,,,,,,,,,,,,,,,,,,,,,,,,,,,,,,,,,,,,,,,,,,,,,,,,,,,15,13,17,12,10,13,9,124,40,33,49,20,18,22,11,29,15,52,25,,,,,,,,,,,,,,,,,,,,,,34,29,40,98,1,1290,15,37,31,45,18,13,25,,,,,,,,,,,,,,,,,,,,,,32,367.0,18,14,22,2,15,13,3,29,,,,,,,,,,,,,,,,,,,,,,,,,,23,20,25,32,27,37,560,11,9,13,146,7,4,9,,,10,2794,81,77,84,277,8,5,12,11,0,75,62,1,65.6,64.0,141,93,2.9,,,,,,3.2,,,,,,0.01,14837,2690,54,43308,58879,0.74,0.61,0.86,64671,56676,72666,,,,,,,,,,43500,35441,51559,62105,56386,67824,1,2,,,,,,,,,,,,,,,,,,,,,,,,,,21,35,21,53,,,,,,,,,,,,,,,,,,,,,,,,,,,,,,,,,,,,,,,,,,,,,,,,,,26,22,30,24.0,18.4,48.8,29,0.3,26,0.3,622,7.1,6,0.1,87,1.0,7816,89.5,34,94,1,0,2,394,2152,18,12,24,8719,100.0,8729,
18009,Indiana,Blackford,71.8,70.1,73.5,,,,,,,,,,,,,,,,,,,,,,304,653,574,732,,,,,,,,,,,,,,,,,,,,,,,,,,,,,,,,,,,,,,,,,,,,,,,,,,,,,,,,,,,,,,,,,,,,,,,,15,13,16,12,10,13,,,38,29,45,20,18,22,14,24,12,42,24,,,,,,,,,,,,,,,,,,,,,,33,28,38,963,8,2100,17,39,32,46,35,28,43,,,,,,,,,,,,,,,,,,,,,,34,285.3,18,14,21,5,11,45,30,59,16,45,26,73,,,,,,,,,,,,,,,,,,,,,,22,20,25,31,26,35,602,9,7,11,138,5,3,7,67,1487:1,40,3726,74,69,78,505,11,7,15,1,0,66,33,0,64.8,57.9,114,93,3.1,,,,,,3.2,,,,,,0.01,12769,-73,58,37112,50933,0.73,0.60,0.85,51799,44150,59448,,,,,,,,,,,,,,,,4,6,,,,,,,,,,,,,,,,,,,,,,,,,,20,24,15,37,,,,,,,,,,,,,,,,,,,,,,10,17,8,31,,,,,,,,,,,,,,,,,,,,,,,,,26,22,30,22.3,22.2,50.9,47,0.4,64,0.5,311,2.6,7,0.1,118,1.0,11109,93.4,33,0,0,0,1,587,2770,21,11,31,5977,49.3,11893,
18011,Indiana,Boone,78.2,77.6,78.8,83.7,78.5,88.8,,,,91.0,78.7,103.3,75.2,70.9,79.5,,,,,,,78.0,77.3,78.6,769,314,291,337,,,,,,,,,,,,,,,,,,,,,,30,38,26,54,,,,,,,,,,,,,,,,,,,,,,26,5,3,7,,,,,,,,,,,,,,,,,,,,,,11,10,12,9,8,11,57,93,36,29,43,17,15,19,53,15,11,20,15,,,,,,,,,,,,,,,,,,,,,,28,24,32,1396,2,7130,10,33,28,40,7,6,9,,,,,,,,,,,,,,,,,,,,,,137,184.7,19,15,23,4,39,10,4,19,60,28,21,36,,,,,,,,,,,,,,,,,,,,,,16,14,19,23,19,27,2596,6,5,7,673,3,2,4,97,1029:1,68,22165,79,77,81,2424,9,7,11,32,0,69,37,0,76.0,80.6,910,96,3.5,,4.0,,3.3,3.5,3.7,,4.4,,3.4,3.7,0.06,10978,2059,20,63197,84379,0.75,0.65,0.84,103970,98708,109232,,,,158157,138824,177490,111625,32190,191060,77500,7676,147324,103643,98932,108354,18,4,46,4,2,6,,,,,,,,,,,,,,,,,,,,,,40,8,6,11,,,,,,,,,,,,,,,,,,,,,,38,11,8,15,,,,,,,,,,,,,,,,,,,,,,,,,20,17,23,25.3,15.4,50.0,222,0.3,3308,4.3,3378,4.4,32,0.0,2560,3.4,65399,85.9,27,405,1,0,1,2917,18742,16,11,20,19255,27.2,76120,
18013,Indiana,Brown,76.7,75.2,78.2,,,,,,,,,,,,,,,,,,,,,,281,417,360,475,,,,,,,,,,,,,,,,,,,,,,,,,,,,,,,,,,,,,,,,,,,,,,,,,,,,,,,,,,,,,,,,,,,,,,,,12,11,14,10,8,11,19,137,37,29,45,19,17,20,27,32,20,49,35,,,,,,,,,,,,,,,,,,,,,,32,27,37,162,1,1970,13,34,28,41,11,7,15,,,,,,,,,,,,,,,,,,,,,,22,141.3,20,16,24,2,13,15,3,32,20,43,26,67,,,,,,,,,,,,,,,,,,,,,,17,15,20,25,21,29,750,8,7,10,148,5,4,7,32,3131:1,5,5754,86,84,88,668,10,7,13,25,0,96,37,1,60.2,72.7,133,88,3.3,,,,,,3.3,,,,,,0.04,14395,1942,50,49286,69549,0.71,0.55,0.87,72141,64307,79975,70800,26788,114812,,,,,,,,,,76576,63459,89693,3,5,,,,,,,,,,,,,,,,,,,,,,,,,,17,16,9,26,,,,,,,,,,,,,,,,,,,,,,22,29,18,44,,,,,,,,,,,,,,,,,,,,,,,,,24,21,28,16.5,27.2,49.7,80,0.5,98,0.6,309,2.0,3,0.0,124,0.8,14814,94.6,28,68,0,0,1,572,2582,22,14,31,15475,100.0,15653,
18015,Indiana,Carroll,78.3,77.0,79.5,,,,,,,,,,,,,,,,,,,,,,297,365,321,410,,,,,,,,,,,,,,,,,,,,,,14,72,39,120,,,,,,,,,,,,,,,,,,,,,,,,,,,,,,,,,,,,,,,,,,,,,,,13,11,15,10,9,12,8,46,39,31,47,19,17,21,15,15,8,24,15,,,,,,,,,,,,,,,,,,,,,,32,28,37,89,0,2580,13,37,30,44,17,14,22,,,,,,,,,,,,,,,,,,,,,,60,291.9,19,15,23,6,21,29,17,41,14,23,13,38,,,,,,,,,,,,,,,,,,,,,,20,17,22,27,23,32,1292,11,9,13,305,7,4,9,63,1579:1,3,6476,81,78,84,530,7,5,9,13,1,87,65,0,65.4,61.5,173,93,2.8,,,,,,3.0,,,,,,0.01,11538,2073,49,42377,58970,0.72,0.64,0.80,71740,62386,81094,,,,,,,93309,50137,136481,60231,44725,75737,65815,59759,71871,3,3,85,8,4,15,,,,,,,,,,,,,,,,,,,,,,34,24,17,34,,,,,,,,,,,,,,,,,,,,,,14,14,8,23,,,,,,,,,,,,,,,,,,,,,,,,,26,22,29,21.5,21.2,49.1,101,0.5,58,0.3,959,4.7,6,0.0,169,0.8,19099,93.1,29,68,0,0,1,536,4479,12,7,17,19203,94.6,20525,
18017,Indiana,Cass,74.9,74.0,75.9,80.3,74.8,85.8,,,,,,,,,,,,,,,,74.4,73.3,75.4,660,471,433,508,293,209,401,,,,,,,,,,,,,,,,502,458,545,33,88,61,124,,,,,,,,,,,,,,,,,,,,,,30,9,6,13,,,,,,,,,,,,,,,,,,,,,,14,13,16,12,10,13,40,126,40,33,48,19,17,21,29,15,10,22,15,,,,,,,,,,,,,,,,,,,,,,33,28,38,1046,3,5750,15,37,31,43,31,27,35,40,32,48,,,,,,,,,,,,,,,,27,22,31,156,415.6,18,14,22,5,34,15,7,25,32,28,19,40,,,,,,,,,,,,,,,,,,,,,,20,18,22,31,27,36,2428,11,9,13,433,5,3,7,122,819:1,75,11245,75,73,78,1208,8,6,11,16,1,74,65,0,67.2,56.0,435,92,2.9,,,,,,2.9,,,,2.7,3.0,0.12,11484,191,62,39460,51739,0.76,0.69,0.83,54436,49239,59633,,,,46075,27335,64815,65353,62818,67888,54811,46187,63435,58550,54071,63029,8,4,89,,,,,,,,,,,,,,,,,,,,,,,,,44,17,12,22,,,,,,,,,,,,,,,,,,,,,,18,10,6,15,,,,,,,,,,,,,,,,,,,,,,,,,25,21,29,23.2,19.1,49.4,519,1.4,787,2.1,7107,18.9,99,0.3,808,2.1,28323,75.2,33,933,3,2,4,2652,8633,31,24,38,17496,46.2,37666,
18019,Indiana,Clark,73.2,72.7,73.7,,,,,,,,,,68.1,66.2,70.1,,,,,,,73.1,72.5,73.6,2501,566,543,589,233,156,335,,,,,,,771,672,869,,,,,,,573,548,598,66,57,44,72,,,,,,,,,,,,,,,,,,,,,,59,6,4,8,,,,,,,,,,,,,,,,,,,,,,13,11,14,11,9,12,281,267,41,35,47,19,17,21,103,16,13,19,17,,,,,,,,,,,,,,,,,,,,,,33,28,37,4922,4,15480,13,37,31,43,20,18,22,34,27,43,,,,,,,31,25,40,,,,18,11,27,17,15,19,506,407.3,20,16,23,6,62,10,5,16,193,53,45,60,,,,,,,,,,100,68,143,,,,,,,53,45,61,19,17,21,28,24,32,6566,9,7,10,1187,4,3,6,130,770:1,90,36874,75,73,77,3939,8,7,9,42,0,119,27,0,72.4,65.4,1386,83,3.1,,,2.8,2.8,3.3,3.2,,,2.8,2.7,3.3,0.09,8604,-4056,53,49109,58557,0.84,0.80,0.88,71718,67416,76020,51578,25337,77819,50728,40667,60789,55773,43202,68344,74559,58228,90890,74845,72060,77630,43,6,47,5,3,6,,,,,,,,,,26,15,41,,,,,,,3,2,4,107,13,10,15,,,,,,,,,,20,10,34,,,,,,,13,10,16,108,18,15,21,,,,,,,,,,35,20,56,,,,,,,17,14,21,4,1,6,25,22,28,21.8,17.2,50.9,652,0.5,1709,1.4,8780,7.0,185,0.1,10573,8.4,100676,80.2,31,1458,1,1,2,6495,27247,24,20,27,25830,21.3,125467,
18021,Indiana,Clay,74.9,73.9,76.0,,,,,,,,,,,,,,,,,,,,,,478,463,420,507,,,,,,,,,,,,,,,,,,,,,,17,65,38,104,,,,,,,,,,,,,,,,,,,,,,,,,,,,,,,,,,,,,,,,,,,,,,,13,12,15,10,9,12,20,90,42,35,50,20,18,22,23,18,11,27,17,,,,,,,,,,,,,,,,,,,,,,33,28,38,1494,6,3760,14,37,31,44,30,25,34,,,,,,,,,,,,,,,,,,,,,,92,348.8,19,16,24,2,28,7,1,18,,,,,,,,,,,,,,,,,,,,,,,,,,21,19,24,30,25,34,1198,8,6,9,268,4,3,6,72,1393:1,48,8165,77,73,82,661,7,4,9,4,0,112,42,0,67.3,61.2,295,79,3.2,,,,,,3.5,,,,,,0.02,11999,1211,54,43620,61060,0.71,0.63,0.80,62834,54247,71421,,,,,,,,,,,,,,,,4,2,,,,,,,,,,,,,,,,,,,,,,,,,,30,16,11,23,,,,,,,,,,,,,,,,,,,,,,20,15,9,24,,,,,,,,,,,,,,,,,,,,,,,,,25,22,29,22.9,19.6,50.3,97,0.4,91,0.3,548,2.1,9,0.0,231,0.9,25123,94.9,34,38,0,0,1,1217,6142,20,13,27,15879,60.0,26460,
18023,Indiana,Clinton,74.4,73.4,75.3,88.2,76.5,99.8,,,,,,,,,,,,,,,,73.5,72.5,74.6,553,487,445,529,,,,,,,,,,,,,,,,,,,,,,20,53,33,83,,,,,,,,,,,,,,,,,,,,,,,,,,,,,,,,,,,,,,,,,,,,,,,13,12,15,11,10,13,27,100,39,32,47,18,16,20,34,21,15,30,21,,,,,,,,,,,,,,,,,,,,,,34,29,39,392,1,4140,13,38,32,45,27,24,31,30,23,38,,,,,,,,,,,,,,,,26,22,30,121,368.4,19,15,23,6,32,19,10,29,40,41,29,56,,,,,,,,,,,,,,,,,,,,,,19,17,21,29,25,34,2191,12,10,14,518,6,4,8,40,2518:1,67,9144,74,71,76,774,6,4,9,15,0,68,36,1,68.7,58.9,474,90,3.0,,,,2.6,3.2,3.1,,,,2.8,3.3,0.21,11318,283,61,44201,51365,0.86,0.77,0.95,66119,57320,74918,,,,,,,,,,57667,46704,68630,64801,61019,68583,10,4,,,,,,,,,,,,,,,,,,,,,,,,,,47,21,15,27,,,,,,,,,,,,,,,,,,,,,,23,14,9,21,,,,,,,,,,,,,,,,,,,,,,,,,26,22,30,26.3,16.8,50.2,198,0.6,177,0.5,6481,19.8,25,0.1,295,0.9,25402,77.6,31,1090,4,3,5,1509,8910,17,13,21,16415,49.5,32730,
18025,Indiana,Crawford,72.9,71.2,74.6,,,,,,,,,,,,,,,,,,,,,,254,579,501,656,,,,,,,,,,,,,,,,,,,,,,,,,,,,,,,,,,,,,,,,,,,,,,,,,,,,,,,,,,,,,,,,,,,,,,,,16,14,18,12,10,14,7,78,41,34,51,21,19,24,12,26,14,46,23,,,,,,,,,,,,,,,,,,,,,,32,27,38,588,5,1920,18,39,33,47,25,18,32,,,,,,,,,,,,,,,,,,,,,,14,132.9,17,14,22,0,11,0,0,19,20,63,39,98,,,,,,,,,,,,,,,,,,,,,,23,21,26,31,27,37,699,11,9,13,142,6,4,8,48,2088:1,3,3711,81,77,85,420,9,6,13,74,0,80,30,0,50.7,60.1,92,88,3.1,,,,,,3.1,,,,,,,13443,-1992,66,36179,52888,0.68,0.62,0.75,56019,47878,64160,,,,,,,,,,,,,,,,2,3,,,,,,,,,,,,,,,,,,,,,,,,,,15,20,11,33,,,,,,,,,,,,,,,,,,,,,,,,,,,,,,,,,,,,,,,,,,,,,,,,,,24,21,28,20.3,22.0,49.0,57,0.5,28,0.3,183,1.8,13,0.1,70,0.7,9956,95.4,35,19,0,0,1,282,2232,13,5,20,10526,100.0,10438,
18027,Indiana,Daviess,76.1,75.2,77.0,,,,,,,,,,,,,,,,,,,,,,476,424,384,463,,,,,,,,,,,,,,,,,,,,,,19,45,27,70,,,,,,,,,,,,,,,,,,,,,,20,5,3,8,,,,,,,,,,,,,,,,,,,,,,15,13,17,12,10,13,28,106,38,30,46,21,19,23,16,10,5,16,10,,,,,,,,,,,,,,,,,,,,,,34,29,40,840,3,4380,13,36,29,43,20,16,23,35,23,52,,,,,,,,,,,,,,,,18,15,21,81,242.4,18,14,22,0,23,0,0,11,,,,,,,,,,,,,,,,,,,,,,,,,,23,20,26,32,28,37,3233,18,15,20,1552,15,11,19,140,716:1,38,8274,72,68,75,928,8,6,10,23,0,114,40,0,69.1,52.2,272,94,3.3,,,,2.7,3.4,3.5,,,,2.9,3.6,0.13,11212,-481,51,39797,57534,0.69,0.62,0.76,76778,70521,83035,,,,,,,54975,2804,107146,52461,26073,78849,70529,63552,77506,7,3,65,,,,,,,,,,,,,,,,,,,,,,,,,29,12,8,18,,,,,,,,,,,,,,,,,,,,,,11,7,3,12,,,,,,,,,,,,,,,,,,,,,,12,4,19,28,24,31,29.6,16.4,49.7,260,0.8,160,0.5,2224,6.6,43,0.1,741,2.2,29961,89.0,35,680,2,1,3,870,9911,9,6,12,20461,61.3,33656,
18029,Indiana,Dearborn,76.2,75.4,76.9,,,,,,,,,,,,,,,,,,,,,,845,427,397,458,,,,,,,,,,,,,,,,,,,,,,18,37,22,58,,,,,,,,,,,,,,,,,,,,,,,,,,,,,,,,,,,,,,,,,,,,,,,11,10,12,9,8,10,21,48,35,28,42,17,15,18,48,20,15,27,19,,,,,,,,,,,,,,,,,,,,,,32,27,37,4143,8,6200,12,36,29,42,15,13,17,,,,,,,,,,,,,,,,,,,,,,91,177.9,20,16,25,4,32,13,5,23,49,32,24,43,,,,,,,,,,,,,,,,,,,,,,15,13,17,22,19,26,2340,8,6,9,570,5,3,6,94,1067:1,36,17073,85,83,87,1369,7,5,9,19,0,80,31,0,74.1,66.4,674,90,3.2,,,,,,3.3,,,,,,0.04,11737,-340,35,49954,63495,0.79,0.71,0.87,82578,74008,91148,,,,96563,95188,97938,,,,,,,83485,77871,89099,9,3,,3,2,6,,,,,,,,,,,,,,,,,,,,,,40,11,8,16,,,,,,,,,,,,,,,,,,,,,,26,10,7,15,,,,,,,,,,,,,,,,,,,,,,,,,24,21,28,21.4,19.6,50.0,131,0.3,247,0.5,832,1.6,37,0.1,420,0.8,48933,95.5,26,40,0,0,0,1957,11294,17,13,22,30514,60.2,51215,
18031,Indiana,Decatur,74.0,72.9,75.1,,,,,,,,,,,,,,,,,,,,,,497,502,456,548,,,,,,,,,,,,,,,,,,,,,,21,77,48,117,,,,,,,,,,,,,,,,,,,,,,,,,,,,,,,,,,,,,,,,,,,,,,,12,11,14,10,8,11,20,91,42,34,50,18,17,20,18,12,7,20,14,,,,,,,,,,,,,,,,,,,,,,34,29,39,1094,4,3420,13,36,29,42,24,20,28,,,,,,,,,,,,,,,,,,,,,,89,336.9,19,15,24,5,21,24,12,36,30,38,26,54,,,,,,,,,,,,,,,,,,,,,,17,15,19,27,23,31,1182,8,6,9,264,4,3,5,106,943:1,49,7909,75,72,78,795,8,5,10,4,0,54,35,0,69.7,61.8,307,98,3.3,,,,,,3.3,,,,,,0.03,12326,1867,51,45875,59699,0.77,0.66,0.87,71150,63787,78513,,,,,,,,,,,,,,,,6,4,,,,,,,,,,,,,,,,,,,,,,,,,,34,18,13,26,,,,,,,,,,,,,,,,,,,,,,10,8,4,14,,,,,,,,,,,,,,,,,,,,,,,,,26,22,30,23.2,18.3,49.7,92,0.3,378,1.4,682,2.6,14,0.1,191,0.7,24790,93.9,29,2,0,0,0,863,6253,14,9,18,13943,52.7,26399,
18033,Indiana,DeKalb,75.8,75.0,76.6,,,,,,,,,,,,,,,,,,,,,,708,438,404,471,,,,,,,,,,,,,,,,,,,,,,27,59,39,86,,,,,,,,,,,,,,,,,,,,,,,,,,,,,,,,,,,,,,,,,,,,,,,12,11,13,10,8,11,21,58,38,30,45,18,17,20,32,15,10,21,15,,,,,,,,,,,,,,,,,,,,,,31,26,36,3737,9,5510,13,37,31,44,23,20,26,21,10,39,,,,,,,,,,,,,,,,23,20,26,110,251.5,19,15,23,7,32,22,13,32,21,16,10,25,,,,,,,,,,,,,,,,,,,,,,18,15,20,26,22,30,2163,8,7,10,595,5,4,7,88,1133:1,48,13994,82,80,84,1346,8,6,10,23,0,44,36,0,74.3,60.3,530,92,2.9,,,,,,3.1,,,,,,0.03,16462,5136,46,42433,59587,0.71,0.67,0.75,68933,60463,77403,,,,,,,,,,79091,39237,118945,69732,63416,76048,17,6,,,,,,,,,,,,,,,,,,,,,,,,,,32,11,7,15,,,,,,,,,,,,,,,,,,,,,,29,13,9,19,,,,,,,,,,,,,,,,,,,,,,6,2,9,24,21,28,24.0,17.7,49.9,156,0.4,262,0.6,1425,3.2,37,0.1,288,0.7,41568,94.0,28,135,0,0,1,2219,10583,21,16,26,22919,53.0,44198,
18035,Indiana,Delaware,72.6,72.1,73.2,,,,,,,,,,68.9,66.6,71.2,,,,,,,72.5,71.9,73.1,2248,608,581,634,,,,,,,,,,842,718,966,,,,,,,609,581,638,65,61,47,78,,,,,,,,,,141,75,241,,,,,,,58,43,76,64,8,6,11,,,,,,,,,,,,,,,,,,,,,,15,13,17,12,10,14,134,137,40,33,46,22,19,24,102,18,15,22,18,,,,,,,,,,,,,,,,,,,,,,34,30,39,15103,13,18760,17,41,35,46,14,12,15,15,9,23,,,,,,,28,22,35,,,,25,18,35,12,11,13,710,633.8,18,14,21,8,86,9,5,15,214,63,55,72,,,,,,,,,,96,61,144,,,,,,,65,55,74,23,20,25,29,25,33,6594,10,8,12,934,5,3,6,154,649:1,68,30682,66,65,68,6373,14,13,16,39,0,61,41,0,65.1,52.3,1143,90,3.0,,,2.3,3.1,3.1,3.2,,,2.4,3.5,3.3,0.12,11533,949,56,43423,52624,0.83,0.77,0.88,55704,50730,60678,80833,27396,134270,66250,32937,99563,31535,23992,39078,45574,30418,60730,58947,57073,60821,45,8,52,8,6,10,,,,,,,,,,36,22,55,,,,,,,5,4,7,112,14,11,17,,,,,,,,,,,,,,,,,,,,,,87,15,12,19,,,,,,,,,,35,19,59,,,,,,,15,11,18,4,2,6,25,21,28,18.1,17.9,51.7,360,0.3,1641,1.5,3726,3.3,73,0.1,8157,7.3,95606,85.1,35,311,0,0,1,5439,20377,27,23,31,25804,23.1,112321,
18037,Indiana,Dubois,77.8,77.0,78.5,79.1,70.1,88.1,,,,,,,,,,,,,,,,77.6,76.8,78.4,596,355,325,385,,,,,,,,,,,,,,,,,,,,,,22,48,30,73,,,,,,,,,,,,,,,,,,,,,,,,,,,,,,,,,,,,,,,,,,,,,,,13,11,14,10,9,12,23,64,38,31,46,19,17,21,37,18,13,25,17,,,,,,,,,,,,,,,,,,,,,,32,27,37,1532,4,5320,12,34,28,40,16,13,18,39,29,53,,,,,,,,,,,,,,,,13,11,16,97,222.3,18,15,22,0,17,0,0,14,15,12,6,19,,,,,,,,,,,,,,,,,,,,,,19,17,22,27,23,31,2181,9,7,10,603,6,4,7,113,889:1,42,13366,76,73,79,1487,9,6,11,41,0,103,33,0,77.6,70.2,576,91,3.2,,,,2.8,3.3,3.5,,,,3.1,3.6,0.12,12521,1813,39,41532,61047,0.68,0.63,0.73,74001,66610,81392,98594,13125,184063,69063,68119,70007,,,,,,,72171,68392,75950,12,4,66,,,,,,,,,,,,,,,,,,,,,,,,,24,8,5,12,,,,,,,,,,,,,,,,,,,,,,21,10,6,15,,,,,,,,,,,,,,,,,,,,,,,,,24,20,27,24.2,19.4,49.4,166,0.4,369,0.8,4429,10.2,84,0.2,333,0.8,38049,87.4,29,878,2,1,3,1880,10631,18,12,23,20771,47.6,43546,
18039,Indiana,Elkhart,76.2,75.8,76.6,85.3,81.2,89.4,,,,82.3,77.8,86.7,68.8,66.8,70.7,,,,,,,76.3,75.8,76.7,2941,432,416,448,314,268,360,,,,241,147,372,805,705,905,,,,,,,431,413,449,165,67,57,77,73,54,98,,,,,,,119,72,186,,,,,,,60,48,73,170,8,7,9,8,6,11,,,,,,,21,14,30,,,,,,,6,5,8,14,13,16,12,10,13,221,132,43,37,48,18,17,20,121,12,10,14,12,7,4,11,,,,,,,,,,,,,,,,13,10,16,33,28,37,17224,9,27740,13,37,32,42,26,25,28,41,38,44,,,,,,,56,48,65,,,,18,12,24,18,17,20,1006,486.2,18,15,22,41,151,27,23,31,103,17,13,20,,,,,,,,,,46,26,75,,,,,,,18,14,22,20,18,22,31,27,35,17562,15,13,17,5012,9,6,11,111,901:1,78,51126,71,70,73,7915,11,10,13,38,0,44,43,0,70.3,53.5,2433,89,3.0,,3.1,2.2,2.7,3.2,3.1,,3.3,2.2,2.8,3.4,0.14,11720,846,56,41056,56855,0.72,0.69,0.75,69262,63374,75150,105476,62729,148223,85143,65830,104456,29460,23183,35737,51271,47670,54872,72810,69386,76234,46,3,60,6,4,7,7,4,11,,,,,,,46,32,63,,,,,,,2,2,4,203,14,12,16,7,4,11,,,,,,,12,6,23,,,,,,,16,13,18,119,12,9,14,10,6,16,,,,,,,33,20,51,,,,,,,10,8,13,7,4,9,25,22,28,27.0,15.8,50.2,1476,0.7,2660,1.3,42071,20.4,192,0.1,11105,5.4,145768,70.6,32,5515,3,2,3,15304,57051,27,23,30,48154,23.3,206409,
18041,Indiana,Fayette,70.2,68.9,71.4,,,,,,,,,,,,,,,,,,,,,,615,705,645,765,,,,,,,,,,,,,,,,,,,,,,20,90,55,139,,,,,,,,,,,,,,,,,,,,,,,,,,,,,,,,,,,,,,,,,,,,,,,16,15,18,13,11,14,16,81,41,34,49,21,20,24,23,21,13,32,20,,,,,,,,,,,,,,,,,,,,,,33,28,39,1877,8,4210,18,37,30,44,36,31,41,,,,,,,,,,,,,,,,,,,,,,68,291.2,19,15,23,1,23,4,0,16,54,78,58,101,,,,,,,,,,,,,,,,,,,,,,26,23,29,34,29,39,1126,8,7,10,265,5,3,7,86,1168:1,69,6688,71,67,74,1058,12,8,15,40,0,57,33,0,68.1,56.7,235,91,3.0,,,,,,2.9,,,,,,0.03,12347,1532,62,45711,55896,0.82,0.75,0.89,60483,53336,67630,26339,4482,48196,,,,,,,56806,8641,104971,57356,52710,62002,6,5,45,,,,,,,,,,,,,,,,,,,,,,,,,35,22,15,30,,,,,,,,,,,,,,,,,,,,,,21,18,11,28,,,,,,,,,,,,,,,,,,,,,,,,,26,22,30,21.9,21.1,50.6,87,0.4,105,0.4,362,1.5,2,0.0,324,1.4,22234,95.2,37,82,0,0,1,1848,5207,35,27,44,8997,38.5,23362,
18043,Indiana,Floyd,74.6,74.0,75.3,85.1,70.7,99.5,,,,,,,68.2,64.9,71.4,,,,,,,74.7,74.1,75.3,1433,487,461,514,315,186,497,,,,,,,864,696,1032,,,,,,,482,454,510,39,49,35,68,,,,,,,,,,,,,,,,,,,,,,32,5,4,8,,,,,,,,,,,,,,,,,,,,,,13,12,15,11,9,12,133,195,36,30,43,19,17,21,63,15,11,19,16,,,,,,,,,,,,,,,,,,,,,,34,29,39,4075,5,9950,12,38,33,44,14,13,16,14,8,23,,,,,,,28,19,39,,,,26,16,40,13,11,15,263,325.8,19,16,23,10,39,26,17,34,118,49,40,58,,,,,,,,,,,,,,,,,,,,,,18,16,20,26,22,29,3646,8,6,9,972,5,4,7,188,532:1,133,22788,73,71,75,2552,8,7,10,32,0,104,23,0,75.4,70.2,866,93,3.2,,,2.4,2.8,3.3,3.3,,,2.5,3.0,3.5,0.11,11463,-91,40,51522,63656,0.81,0.74,0.88,79008,72064,85952,,,,139247,58360,220134,31620,22089,41151,62163,35029,89297,80824,77810,83838,30,7,53,5,3,7,,,,,,,,,,37,18,66,,,,,,,3,1,5,58,11,8,14,,,,,,,,,,,,,,,,,,,,,,59,15,11,19,,,,,,,,,,46,22,85,,,,,,,13,10,17,,,,24,21,27,22.1,18.1,51.2,359,0.4,1125,1.4,3562,4.4,47,0.1,4497,5.6,69440,85.9,29,498,1,0,1,4725,18116,26,22,31,27406,34.1,80809,
18045,Indiana,Fountain,73.8,72.4,75.1,,,,,,,,,,,,,,,,,,,,,,343,530,470,589,,,,,,,,,,,,,,,,,,,,,,,,,,,,,,,,,,,,,,,,,,,,,,,,,,,,,,,,,,,,,,,,,,,,,,,,13,11,14,10,9,12,5,36,39,31,47,19,17,21,13,15,8,26,16,,,,,,,,,,,,,,,,,,,,,,33,28,38,491,3,2480,15,37,30,44,23,18,29,,,,,,,,,,,,,,,,,,,,,,57,343.9,19,16,23,1,12,8,0,27,13,26,14,45,,,,,,,,,,,,,,,,,,,,,,19,17,21,27,23,31,846,9,7,10,201,5,4,7,36,2789:1,15,5123,75,71,78,513,8,6,10,28,0,100,46,0,66.7,62.9,193,97,3.2,,,,,,3.2,,,,,,0.02,12162,207,49,41606,56848,0.73,0.68,0.78,63747,55352,72142,62813,42807,82819,,,,,,,,,,63462,56049,70875,3,3,,,,,,,,,,,,,,,,,,,,,,,,,,19,16,10,26,,,,,,,,,,,,,,,,,,,,,,,,,,,,,,,,,,,,,,,,,,,,,,,,,,24,21,28,22.2,20.4,49.9,67,0.4,88,0.5,537,3.2,14,0.1,123,0.7,15702,93.8,30,23,0,0,1,728,3645,20,12,28,16479,100.0,16731,
18047,Indiana,Franklin,76.6,75.4,77.7,,,,,,,,,,,,,,,,,,,,,,373,422,376,468,,,,,,,,,,,,,,,,,,,,,,13,57,30,98,,,,,,,,,,,,,,,,,,,,,,,,,,,,,,,,,,,,,,,,,,,,,,,12,10,13,9,8,11,7,36,38,30,46,18,16,19,22,21,13,32,19,,,,,,,,,,,,,,,,,,,,,,33,28,38,733,3,2710,12,35,28,42,17,13,21,,,,,,,,,,,,,,,,,,,,,,23,99.9,19,16,24,3,18,17,6,31,22,32,20,49,,,,,,,,,,,,,,,,,,,,,,16,14,18,25,21,29,1069,8,7,9,297,6,4,7,48,2100:1,21,7440,81,77,86,818,9,7,12,16,0,60,36,0,68.9,69.5,352,98,3.1,,,,,,3.3,,,,,,0.06,11776,2248,41,46754,59107,0.79,0.70,0.88,77456,67291,87621,,,,,,,,,,69315,22036,116594,80393,75621,85165,1,1,,,,,,,,,,,,,,,,,,,,,,,,,,22,14,9,21,,,,,,,,,,,,,,,,,,,,,,14,12,7,21,,,,,,,,,,,,,,,,,,,,,,,,,25,22,29,22.2,20.5,50.2,71,0.3,174,0.8,291,1.3,4,0.0,102,0.4,22287,96.5,27,97,0,0,1,567,5186,11,7,15,20247,88.9,23096,
18049,Indiana,Fulton,73.7,72.4,75.0,,,,,,,,,,,,,,,,,,,,,,435,556,500,611,,,,,,,,,,,,,,,,,,,,,,15,73,41,120,,,,,,,,,,,,,,,,,,,,,,,,,,,,,,,,,,,,,,,,,,,,,,,14,13,16,11,10,13,14,82,42,34,50,20,18,22,22,22,14,35,22,,,,,,,,,,,,,,,,,,,,,,33,28,38,877,4,3100,15,38,31,46,25,20,30,,,,,,,,,,,,,,,,,,,,,,38,186.9,19,15,23,2,22,9,2,22,18,30,18,47,,,,,,,,,,,,,,,,,,,,,,20,18,23,28,24,33,1238,11,9,13,299,6,4,8,74,1357:1,34,6194,78,75,81,854,11,8,14,30,1,66,68,0,65.5,61.4,168,90,3.0,,,,2.7,3.0,3.1,,,,2.6,3.2,0.05,12847,2367,60,43233,55211,0.78,0.66,0.90,60258,54261,66255,,,,,,,,,,75038,34050,116026,63003,57710,68296,3,2,,,,,,,,,,,,,,,,,,,,,,,,,,30,21,14,30,,,,,,,,,,,,,,,,,,,,,,16,16,9,26,,,,,,,,,,,,,,,,,,,,,,,,,25,22,29,23.2,21.1,49.5,200,1.0,140,0.7,1127,5.5,6,0.0,165,0.8,18588,91.3,33,191,1,0,2,709,4825,15,8,21,13147,64.2,20358,
18051,Indiana,Gibson,76.3,75.4,77.2,,,,,,,,,,,,,,,,,,,,,,530,422,384,459,,,,,,,,,,,,,,,,,,,,,,15,43,24,71,,,,,,,,,,,,,,,,,,,,,,,,,,,,,,,,,,,,,,,,,,,,,,,15,13,17,11,10,13,20,73,40,33,48,21,19,23,36,21,15,30,22,,,,,,,,,,,,,,,,,,,,,,31,25,36,539,2,4380,13,41,35,49,23,20,27,,,,,,,,,,,,,,,,,,,,,,101,306.1,19,16,24,5,22,23,12,35,,,,,,,,,,,,,,,,,,,,,,,,,,23,20,26,30,26,35,1470,8,6,9,353,4,3,6,91,1097:1,39,9968,76,73,78,996,8,6,10,27,0,149,36,0,69.3,63.8,371,90,3.1,,,,,,3.2,,,,,,0.06,12618,-914,41,46028,59748,0.77,0.71,0.83,67497,60001,74993,,,,72589,35195,109983,71813,26975,116651,43448,9996,76900,68549,63441,73657,10,5,70,,,,,,,,,,,,,,,,,,,,,,,,,42,18,13,24,,,,,,,,,,,,,,,,,,,,,,28,17,11,24,,,,,,,,,,,,,,,,,,,,,,,,,22,18,26,23.4,18.7,49.1,147,0.4,234,0.7,824,2.5,35,0.1,825,2.5,30180,91.7,35,125,0,0,1,1392,7908,18,12,23,24668,74.7,32904,
18053,Indiana,Grant,70.8,70.0,71.6,74.7,69.5,79.9,,,,,,,65.8,62.5,69.0,,,,,,,70.8,70.0,71.7,1548,662,626,697,514,358,715,,,,,,,843,692,995,,,,,,,666,627,704,68,103,80,131,,,,,,,,,,212,109,370,,,,,,,99,74,131,46,9,6,12,,,,,,,,,,,,,,,,,,,,,,15,13,16,12,11,14,77,137,43,36,50,20,18,22,54,17,13,23,16,,,,,,,,,,,,,,,,,,,,,,33,29,38,5781,8,11470,17,41,35,47,23,21,26,36,26,50,,,,,,,51,39,66,,,,33,22,48,20,18,22,312,472.6,17,13,20,5,57,9,4,16,129,65,54,77,,,,,,,,,,104,58,172,,,,,,,63,51,75,22,19,24,32,28,36,2962,8,7,10,604,4,3,5,101,988:1,59,19203,72,69,74,3011,12,10,14,7,0,71,32,1,64.6,52.4,836,92,2.8,,,2.3,2.6,3.0,3.0,,,2.3,3.0,3.2,0.14,12013,-785,60,41715,52857,0.79,0.74,0.84,53872,48662,59082,,,,,,,35472,21920,49024,46673,34507,58839,55504,51834,59174,19,5,57,8,5,11,,,,,,,,,,39,21,67,,,,,,,6,4,9,81,18,14,22,,,,,,,,,,,,,,,,,,,,,,64,19,15,25,,,,,,,,,,42,20,78,,,,,,,19,14,25,,,,25,22,28,21.5,19.6,51.6,306,0.5,634,1.0,3798,5.7,54,0.1,4955,7.5,54800,82.8,35,299,0,0,1,3454,14130,24,20,29,25713,38.6,66200,
18055,Indiana,Greene,74.1,73.1,75.1,,,,,,,,,,,,,,,,,,,,,,639,512,469,554,,,,,,,,,,,,,,,,,,,,,,23,77,49,116,,,,,,,,,,,,,,,,,,,,,,,,,,,,,,,,,,,,,,,,,,,,,,,15,13,16,11,10,13,26,99,41,33,48,21,19,23,28,18,12,26,18,,,,,,,,,,,,,,,,,,,,,,32,27,37,1980,6,5090,17,36,29,43,24,20,28,,,,,,,,,,,,,,,,,,,,,,78,251.6,19,15,23,3,24,13,4,25,20,21,13,33,,,,,,,,,,,,,,,,,,,,,,23,20,26,30,26,35,1736,10,8,11,363,5,3,7,71,1418:1,24,9621,75,72,78,1147,9,7,12,21,0,98,36,0,60.9,59.1,342,92,3.2,,,,,,3.4,,,,,,0.03,11135,-700,52,46005,55544,0.83,0.71,0.94,59626,51847,67405,,,,,,,34013,22850,45176,,,,59865,55298,64432,5,3,,,,,,,,,,,,,,,,,,,,,,,,,,54,24,18,32,,,,,,,,,,,,,,,,,,,,,,31,20,13,28,,,,,,,,,,,,,,,,,,,,,,,,,24,21,28,21.5,20.6,49.7,138,0.4,141,0.5,698,2.2,8,0.0,128,0.4,29764,95.4,33,20,0,0,0,1669,6679,25,17,33,25505,82.8,31196,
18057,Indiana,Hamilton,80.7,80.4,80.9,87.5,83.9,91.1,,,,84.4,82.7,86.0,75.8,74.2,77.3,,,,,,,80.5,80.2,80.8,2746,236,227,245,155,113,207,,,,140,112,174,367,308,425,,,,,,,240,230,250,154,39,33,45,,,,,,,63,37,100,86,49,139,,,,,,,37,30,44,130,5,4,6,,,,,,,,,,,,,,,,,,,,,,8,8,9,8,7,9,299,99,28,24,32,14,12,15,197,11,10,13,11,,,,,,,,,,13,7,24,,,,,,,12,10,14,29,26,33,15057,5,32160,9,31,27,35,4,4,4,10,8,13,,,,,,,12,9,15,,,,5,3,9,3,3,4,866,237.3,20,17,24,19,93,20,15,26,152,14,12,17,,,,,,,,,,,,,,,,,,,,,,10,9,11,17,15,19,12185,5,5,6,2444,3,2,3,124,808:1,86,101589,76,75,77,10866,8,7,9,34,0,77,42,0,76.5,84.5,5091,94,3.5,,3.9,2.9,3.0,3.6,3.8,,4.4,3.0,3.1,3.8,0.05,11916,3241,20,67868,95639,0.71,0.66,0.76,121231,113402,129060,132105,88006,176204,151475,143783,159167,86378,77971,94785,98720,89841,107599,118597,113766,123428,79,4,37,1,1,2,,,,,,,,,,,,,,,,,,,,,,117,5,4,6,,,,,,,,,,10,5,18,,,,,,,5,4,6,142,8,7,10,,,,,,,,,,18,10,30,,,,,,,8,7,10,4,2,6,21,18,24,25.0,14.4,50.8,972,0.3,27642,7.4,21328,5.7,274,0.1,18731,5.0,295444,79.5,18,5100,2,1,2,11542,92410,12,11,14,19947,5.7,371645,
18059,Indiana,Hancock,77.2,76.6,77.8,86.1,76.3,95.9,,,,,,,75.4,71.1,79.7,,,,,,,77.0,76.3,77.6,1155,384,361,407,,,,,,,,,,339,227,487,,,,,,,393,368,417,31,38,26,54,,,,,,,,,,,,,,,,,,,,,,22,4,2,6,,,,,,,,,,,,,,,,,,,,,,12,10,13,10,8,11,66,94,36,30,43,18,17,20,58,14,10,18,15,,,,,,,,,,,,,,,,,,,,,,29,25,34,5917,8,8560,11,35,29,41,9,7,10,,,,,,,,,,,,,,,,,,,,,,192,231.1,18,15,22,9,45,20,13,28,69,28,22,36,,,,,,,,,,,,,,,,,,,,,,17,15,19,24,21,28,3348,7,6,8,752,4,3,5,63,1596:1,45,25664,80,78,81,2121,7,5,8,16,0,68,33,0,77.3,74.0,1084,92,3.3,,,2.9,3.4,3.3,3.5,,,3.1,3.3,3.6,0.06,10956,1894,32,55246,72160,0.77,0.69,0.84,94581,87620,101542,,,,115303,29880,200726,116103,68018,164188,80221,48526,111916,90919,87278,94560,16,4,62,2,1,3,,,,,,,,,,,,,,,,,,,,,,74,14,11,17,,,,,,,,,,,,,,,,,,,,,,48,12,9,16,,,,,,,,,,,,,,,,,,,,,,,,,22,19,25,23.1,17.3,50.5,324,0.4,1300,1.5,3333,3.9,48,0.1,4082,4.7,75588,87.7,27,547,1,0,1,2812,19096,15,11,18,22096,27.7,86166,
18061,Indiana,Harrison,73.7,72.7,74.6,,,,,,,,,,,,,,,,,,,,,,812,540,501,580,,,,,,,,,,,,,,,,,,,,,,23,59,38,89,,,,,,,,,,,,,,,,,,,,,,,,,,,,,,,,,,,,,,,,,,,,,,,13,11,14,10,9,12,26,77,37,30,44,19,17,20,43,21,15,29,21,,,,,,,,,,,,,,,,,,,,,,30,26,35,7,0,4910,12,40,34,47,17,14,20,37,18,66,,,,,,,,,,,,,,,,17,14,20,74,185.7,21,17,26,3,54,6,2,12,54,45,34,59,,,,,,,,,,,,,,,,,,,,,,19,16,21,26,22,30,1794,8,6,9,425,5,3,6,62,1600:1,9,12786,84,82,87,770,5,3,7,8,0,86,29,0,73.8,65.4,472,94,3.3,,,,,,3.4,,,,,,0.04,11071,1730,48,50461,61289,0.82,0.75,0.90,75443,66621,84265,58488,56814,60162,,,,111098,30641,191555,57936,1503,114369,74215,66311,82119,16,7,65,4,2,7,,,,,,,,,,,,,,,,,,,,,,65,23,18,29,,,,,,,,,,,,,,,,,,,,,,42,21,15,28,,,,,,,,,,,,,,,,,,,,,,8,3,14,22,19,25,22.0,20.0,49.8,129,0.3,260,0.6,980,2.4,30,0.1,336,0.8,37729,94.3,29,179,0,0,1,1451,8888,16,12,21,33958,85.6,40006,
18063,Indiana,Hendricks,78.6,78.2,79.0,84.4,79.4,89.4,,,,87.0,82.3,91.7,78.6,76.5,80.7,,,,,,,78.3,77.9,78.7,1832,301,287,315,189,126,273,,,,128,81,192,278,226,329,,,,,,,315,299,331,79,42,33,52,,,,,,,,,,84,48,136,,,,,,,40,30,52,63,5,4,7,,,,,,,,,,,,,,,,,,,,,,11,10,12,10,9,12,216,142,39,34,45,17,15,19,125,14,11,16,14,,,,,,,,,,,,,,,,,,,,,,32,28,37,10149,7,17040,10,39,34,44,7,6,7,8,5,13,,,,,,,9,7,13,,,,7,4,13,6,5,7,478,261.9,18,14,21,10,69,14,9,21,137,26,21,30,,,,,,,,,,,,,,,,,,,,,,15,13,17,24,21,27,7349,7,6,8,1785,4,3,5,105,951:1,65,51255,78,76,79,4962,8,6,9,20,0,83,43,0,77.0,72.5,2419,96,3.6,,,3.2,3.2,3.7,3.8,,3.8,3.3,3.3,3.9,0.06,11232,1691,36,54886,73937,0.74,0.70,0.79,95323,87124,103522,60195,53564,66826,108095,83870,132320,86148,71457,100839,68214,43836,92592,103287,99558,107016,34,4,47,3,2,4,,,,,,,,,,,,,,,,,,,,,,88,7,6,9,,,,,,,,,,,,,,,,,,,,,,102,12,9,14,,,,,,,,,,16,8,28,,,,,,,12,9,14,3,1,4,25,21,28,24.4,15.5,49.6,696,0.4,6933,3.7,10167,5.5,135,0.1,22252,11.9,142700,76.6,27,1910,1,1,1,6308,44195,14,12,17,26639,15.2,186387,
18065,Indiana,Henry,74.0,73.2,74.7,,,,,,,,,,,,,,,,,,,,,,1018,540,505,575,,,,,,,,,,,,,,,,,,,,,,21,48,30,74,,,,,,,,,,,,,,,,,,,,,,,,,,,,,,,,,,,,,,,,,,,,,,,14,13,16,12,10,13,59,140,44,37,52,20,18,22,44,17,12,23,18,,,,,,,,,,,,,,,,,,,,,,32,28,37,3243,7,7690,16,43,37,50,22,19,25,36,19,63,,,,,,,,,,,,,,,,22,19,25,169,345.5,19,15,23,5,46,11,5,19,39,27,19,37,,,,,,,,,,,,,,,,,,,,,,23,20,25,30,26,35,2217,8,7,10,423,4,3,5,108,923:1,40,14018,76,74,78,1419,8,6,9,12,0,50,38,0,67.9,55.2,477,91,3.1,,,,,,3.3,,,,,,0.05,11948,988,54,43725,55270,0.79,0.72,0.86,62048,57651,66445,140893,98986,182800,115391,5652,225130,,,,,,,60089,56405,63773,10,4,71,4,2,6,,,,,,,,,,,,,,,,,,,,,,67,20,15,25,,,,,,,,,,,,,,,,,,,,,,31,13,9,18,,,,,,,,,,,,,,,,,,,,,,13,6,19,25,21,28,20.1,19.8,47.5,122,0.2,240,0.5,1169,2.4,14,0.0,1399,2.9,45264,92.5,34,49,0,0,0,2164,9936,22,17,27,30359,62.1,48929,
18067,Indiana,Howard,73.0,72.3,73.6,82.7,76.3,89.1,,,,,,,68.9,66.5,71.2,,,,,,,72.9,72.2,73.6,1739,574,546,603,310,194,470,,,,,,,728,606,850,,,,,,,582,551,613,57,69,52,89,,,,,,,,,,145,75,254,,,,,,,62,44,85,44,7,5,9,,,,,,,,,,,,,,,,,,,,,,14,12,15,11,9,12,137,195,42,35,49,20,18,22,82,20,16,25,20,,,,,,,,,,,,,,,,,,,,,,33,28,38,8639,10,12720,15,38,32,44,26,24,28,22,13,33,,,,,,,35,26,46,,,,52,38,68,24,21,27,431,515.7,17,14,21,19,60,32,25,38,129,52,43,61,,,,,,,,,,60,31,106,,,,,,,54,44,63,20,18,23,28,24,33,3773,8,6,9,973,5,3,6,147,682:1,64,25247,72,70,74,3304,10,8,11,38,0,70,34,1,67.9,64.4,900,90,2.9,,,2.4,2.9,3.0,3.1,,,2.4,3.0,3.2,0.09,11135,938,54,43706,61176,0.71,0.65,0.78,61548,58848,64248,,,,49479,36286,62672,38093,19365,56821,63204,42026,84382,66165,61698,70632,27,5,48,7,5,9,,,,,,,,,,34,19,56,,,,,,,4,2,6,107,18,15,22,,,,,,,,,,23,11,42,,,,,,,19,15,23,70,17,13,21,,,,,,,,,,43,24,73,,,,,,,15,11,19,5,2,8,25,22,29,23.0,20.1,51.4,426,0.5,1133,1.4,3572,4.3,57,0.1,6738,8.0,69564,83.0,31,446,1,0,1,5790,19183,30,26,34,21467,25.7,83831,
18069,Indiana,Huntington,74.8,73.9,75.7,,,,,,,,,,,,,,,,,,,,,,642,468,430,507,,,,,,,,,,,,,,,,,,,,,,21,59,37,90,,,,,,,,,,,,,,,,,,,,,,,,,,,,,,,,,,,,,,,,,,,,,,,13,11,14,11,9,12,28,90,39,32,46,18,16,20,26,14,9,21,14,,,,,,,,,,,,,,,,,,,,,,32,27,37,3616,10,5050,14,35,29,42,20,17,23,46,26,76,,,,,,,,,,,,,,,,19,16,22,81,219.9,18,15,22,7,39,18,10,27,45,41,30,55,,,,,,,,,,,,,,,,,,,,,,19,16,21,26,22,31,1684,8,7,9,390,5,3,6,76,1314:1,48,11599,76,74,78,1103,7,6,9,47,0,60,27,0,71.0,63.2,290,89,3.0,,,,,,3.0,,,,,,0.02,11473,1646,49,42362,54833,0.77,0.69,0.85,67462,59281,75643,172000,89219,254781,53059,37193,68925,33802,33229,34375,101875,4074,199676,63199,59373,67025,11,5,62,,,,,,,,,,,,,,,,,,,,,,,,,42,16,12,22,,,,,,,,,,,,,,,,,,,,,,18,10,6,16,,,,,,,,,,,,,,,,,,,,,,6,2,11,24,21,28,21.6,19.1,50.3,228,0.6,268,0.7,1190,3.2,27,0.1,346,0.9,34363,93.4,29,187,1,0,1,1802,7999,23,16,29,19107,52.1,36781,
18071,Indiana,Jackson,75.1,74.3,75.9,,,,,,,,,,,,,,,,,,,,,,772,469,435,504,,,,,,,,,,,,,,,,,,,,,,20,42,25,64,,,,,,,,,,,,,,,,,,,,,,24,6,4,8,,,,,,,,,,,,,,,,,,,,,,15,13,17,11,10,13,64,167,43,36,51,20,19,22,36,17,12,24,16,,,,,,,,,,,,,,,,,,,,,,34,29,39,4158,10,6580,14,37,31,44,38,34,42,79,65,94,,,,,,,,,,,,,,,,31,27,35,182,393.1,18,14,21,7,56,13,7,20,61,45,34,57,,,,,,,,,,,,,,,,,,,,,,23,20,25,33,29,38,2763,10,9,12,524,4,3,6,157,636:1,70,13038,73,71,76,1085,6,5,8,54,0,92,35,0,69.7,60.3,589,77,2.9,,,,,,3.0,,,,2.4,3.2,0.16,12438,-1195,62,45977,57998,0.79,0.72,0.86,69753,62960,76546,65909,3605,128213,113958,19855,208061,51476,24317,78635,58147,29471,86823,71777,67887,75667,23,7,79,3,2,6,,,,,,,,,,,,,,,,,,,,,,63,20,15,26,,,,,,,,,,,,,,,,,,,,,,25,11,7,16,,,,,,,,,,,,,,,,,,,,,,,,,27,23,31,25.6,17.1,49.3,464,1.0,1397,3.0,6727,14.5,120,0.3,545,1.2,37170,80.0,33,1884,4,2,6,1949,11650,17,10,23,22181,47.8,46460,
18073,Indiana,Jasper,75.3,74.3,76.2,79.2,72.9,85.6,,,,,,,,,,,,,,,,75.0,74.0,75.9,584,464,425,504,,,,,,,,,,,,,,,,,,,,,,15,44,25,73,,,,,,,,,,,,,,,,,,,,,,20,8,5,12,,,,,,,,,,,,,,,,,,,,,,12,11,14,10,8,11,27,96,38,31,45,18,16,20,30,17,11,25,18,,,,,,,,,,,,,,,,,,,,,,33,28,38,1176,4,4190,13,40,33,47,15,12,18,31,20,46,,,,,,,,,,,,,,,,13,11,16,73,219.3,19,16,24,3,34,9,3,18,29,29,19,42,,,,,,,,,,,,,,,,,,,,,,17,15,20,26,22,30,1741,9,7,10,419,5,4,7,86,1156:1,15,10469,83,81,85,777,6,4,9,14,0,68,55,0,74.0,61.2,375,94,3.3,,,,2.9,3.4,3.3,,,,2.7,3.4,0.02,12544,1423,46,50359,69064,0.73,0.65,0.81,75027,66634,83420,,,,,,,,,,80756,50923,110589,80884,76815,84953,3,2,,,,,,,,,,,,,,,,,,,,,,,,,,44,19,14,25,,,,,,,,,,,,,,,,,,,,,,22,13,8,20,,,,,,,,,,,,,,,,,,,,,,,,,24,21,28,22.7,19.2,49.9,132,0.4,154,0.5,2583,7.7,18,0.1,221,0.7,30128,89.8,29,203,1,0,1,881,7670,11,7,16,27409,83.3,33535,
18075,Indiana,Jay,73.1,71.9,74.4,,,,,,,,,,,,,,,,,,,,,,397,550,492,607,,,,,,,,,,,,,,,,,,,,,,19,85,51,132,,,,,,,,,,,,,,,,,,,,,,20,10,6,15,,,,,,,,,,,,,,,,,,,,,,15,14,17,12,11,14,15,91,42,35,50,21,19,23,22,26,16,39,22,,,,,,,,,,,,,,,,,,,,,,35,30,40,2374,11,3080,15,40,33,47,29,24,34,78,47,122,,,,,,,,,,,,,,,,26,21,31,56,277.3,18,15,22,0,24,0,0,10,27,44,29,65,,,,,,,,,,,,,,,,,,,,,,23,21,26,33,29,38,1166,10,8,12,304,6,4,8,75,1335:1,26,6211,78,76,80,689,9,6,12,32,0,60,33,0,68.1,55.0,229,83,3.2,,,,,,3.3,,,,,,0.04,12645,-3446,54,38868,48649,0.80,0.72,0.88,61030,52174,69886,,,,90568,33771,147365,,,,,,,54750,49074,60426,3,2,,,,,,,,,,,,,,,,,,,,,,,,,,39,27,19,37,,,,,,,,,,,,,,,,,,,,,,12,12,6,21,,,,,,,,,,,,,,,,,,,,,,,,,27,23,30,25.7,18.9,49.4,58,0.3,88,0.4,901,4.5,11,0.1,117,0.6,18628,93.0,35,83,0,0,1,818,5196,16,11,21,14114,68.9,20032,
18077,Indiana,Jefferson,73.7,72.7,74.7,,,,,,,,,,,,,,,,,,,,,,677,533,490,575,,,,,,,,,,,,,,,,,,,,,,19,63,38,99,,,,,,,,,,,,,,,,,,,,,,,,,,,,,,,,,,,,,,,,,,,,,,,14,12,16,11,9,13,47,166,38,31,47,20,18,22,21,12,7,18,13,,,,,,,,,,,,,,,,,,,,,,33,28,39,878,3,5150,16,36,29,43,23,20,27,,,,,,,,,,,,,,,,,,,,,,98,297.5,18,14,22,2,29,7,1,17,32,33,22,46,,,,,,,,,,,,,,,,,,,,,,20,18,23,29,24,33,1522,8,7,10,317,5,3,6,130,769:1,41,8816,69,65,74,1112,9,7,12,22,0,62,37,0,66.6,58.0,317,77,3.2,,,,,,3.2,,,,,,0.03,11768,1432,57,40425,50539,0.80,0.65,0.94,62153,54272,70034,,,,36792,3132,70452,,,,21957,17742,26172,61965,55848,68082,7,4,56,,,,,,,,,,,,,,,,,,,,,,,,,50,22,16,29,,,,,,,,,,,,,,,,,,,,,,17,10,6,17,,,,,,,,,,,,,,,,,,,,,,,,,26,22,29,19.9,19.9,51.6,143,0.4,310,0.9,1171,3.5,44,0.1,637,1.9,30355,91.8,32,143,0,0,1,1929,6608,29,22,37,15700,47.4,33056,
18079,Indiana,Jennings,72.7,71.7,73.8,,,,,,,,,,,,,,,,,,,,,,605,601,551,652,,,,,,,,,,,,,,,,,,,,,,13,47,25,80,,,,,,,,,,,,,,,,,,,,,,,,,,,,,,,,,,,,,,,,,,,,,,,14,12,15,11,9,12,12,52,42,34,50,20,18,22,33,22,15,31,24,,,,,,,,,,,,,,,,,,,,,,32,27,37,2902,10,4290,16,39,32,46,36,31,41,,,,,,,,,,,,,,,,,,,,,,70,254.2,18,15,22,5,36,14,6,23,40,49,35,66,,,,,,,,,,,,,,,,,,,,,,22,19,24,30,26,35,1396,9,7,10,291,4,3,6,69,1454:1,44,8504,79,76,82,830,8,5,11,16,0,72,36,0,65.0,58.2,280,80,3.0,,,,2.5,3.0,3.1,,,,2.7,3.1,0.04,12975,871,63,45854,53440,0.86,0.72,1.00,61695,52982,70408,,,,,,,,,,,,,,,,3,2,,,,,,,,,,,,,,,,,,,,,,,,,,45,23,17,31,,,,,,,,,,,,,,,,,,,,,,24,17,11,26,,,,,,,,,,,,,,,,,,,,,,,,,25,21,28,23.0,17.5,49.2,117,0.4,105,0.4,982,3.6,20,0.1,216,0.8,25811,93.4,32,122,0,0,1,1712,6397,27,17,37,20677,74.9,27622,
18081,Indiana,Johnson,76.2,75.8,76.6,82.1,77.5,86.8,,,,81.1,78.6,83.6,70.1,67.3,73.0,,,,,,,75.9,75.5,76.4,2237,402,385,419,301,202,432,,,,187,128,262,663,486,885,,,,,,,414,395,432,93,54,43,66,,,,,,,,,,,,,,,,,,,,,,76,6,5,7,,,,,,,,,,,,,,,,,,,,,,12,11,14,11,9,12,175,127,42,36,48,17,16,19,124,15,13,18,15,,,,,,,,,,,,,,,,,,,,,,30,26,34,8156,6,18660,12,38,33,44,14,13,15,13,9,19,,,,,,,26,17,38,,,,27,18,38,13,12,15,534,322.1,17,14,21,3,53,6,2,13,183,37,32,43,,,,,,,,,,,,,,,,,,,,,,18,16,20,28,24,32,7720,8,7,9,1687,4,3,5,142,702:1,73,45483,74,72,76,6237,10,9,12,34,0,78,41,1,75.9,67.9,1991,92,3.4,,3.6,3.1,3.1,3.4,3.5,,3.8,2.9,3.2,3.5,0.07,10817,654,41,52750,67559,0.78,0.72,0.85,91676,84646,98706,,,,109375,67333,151417,61362,44647,78077,58521,45226,71816,88518,86259,90777,27,3,50,3,2,4,,,,,,,,,,,,,,,,,,,,,,90,8,7,10,,,,,,,,,,,,,,,,,,,,,,101,13,10,15,,,,,,,,,,46,22,84,,,,,,,12,10,15,7,4,10,24,20,27,24.1,16.0,50.2,576,0.3,10423,6.2,7381,4.4,134,0.1,5992,3.6,140356,83.6,28,1488,1,1,1,6364,40002,16,13,19,20600,12.7,167819,
18083,Indiana,Knox,73.7,72.8,74.6,,,,,,,,,,,,,,,,,,,,,,739,555,513,598,,,,,,,,,,,,,,,,,,,,,,22,60,38,91,,,,,,,,,,,,,,,,,,,,,,22,8,5,12,,,,,,,,,,,,,,,,,,,,,,13,12,15,11,9,12,29,95,38,31,45,18,16,20,32,18,12,26,18,,,,,,,,,,,,,,,,,,,,,,33,28,38,742,2,5560,15,34,28,41,22,19,25,38,21,64,,,,,,,,,,,,,,,,24,21,28,145,405.2,19,15,23,2,29,7,1,17,14,13,7,22,,,,,,,,,,,,,,,,,,,,,,18,16,21,26,22,30,1835,9,7,11,368,5,3,6,164,611:1,54,9955,66,63,68,1170,8,6,10,34,0,134,39,0,60.2,55.9,335,95,3.1,,,,,,3.1,,,,,,0.05,11414,1075,54,41204,49817,0.83,0.71,0.95,57242,50379,64105,,,,,,,56161,42443,69879,,,,60043,54279,65807,6,3,74,4,2,7,,,,,,,,,,,,,,,,,,,,,,52,20,15,27,,,,,,,,,,,,,,,,,,,,,,25,14,9,20,,,,,,,,,,,,,,,,,,,,,,,,,25,22,29,21.6,19.2,49.1,160,0.4,416,1.2,1121,3.1,17,0.0,1143,3.2,32661,90.5,29,435,1,0,2,1791,7736,23,18,29,16482,45.4,36070,
18085,Indiana,Kosciusko,76.1,75.4,76.7,81.5,75.5,87.5,,,,,,,,,,,,,,,,75.8,75.1,76.5,1278,442,417,468,392,291,517,,,,,,,,,,,,,,,,450,422,477,54,65,49,85,,,,,,,,,,,,,,,,,,,,,,51,8,6,10,,,,,,,,,,,,,,,,,,,,,,12,11,14,11,9,12,38,56,40,33,47,18,16,19,50,13,9,17,13,,,,,,,,,,,,,,,,,,,,,,31,27,36,3795,5,10190,13,36,30,42,22,20,24,33,26,41,,,,,,,,,,,,,,,,20,18,22,209,258.6,18,14,22,14,66,21,15,28,55,23,17,30,,,,,,,,,,,,,,,,,,,,,,17,15,19,26,23,31,5376,12,10,13,1081,6,4,7,72,1386:1,44,24438,77,75,79,2868,9,7,11,17,0,54,48,0,63.3,61.9,891,92,3.0,,,,2.6,3.0,3.1,,,,2.8,3.2,0.04,11983,1258,50,45761,62976,0.73,0.67,0.78,72726,65263,80189,,,,118180,72199,164161,39091,28731,49451,67177,48406,85948,74493,70157,78829,17,3,74,,,,,,,,,,,,,,,,,,,,,,,,,102,18,15,22,,,,,,,,,,,,,,,,,,,,,,40,10,7,14,,,,,,,,,,,,,,,,,,,,,,5,2,8,23,20,27,23.3,18.8,49.9,443,0.6,1144,1.4,7922,9.9,55,0.1,881,1.1,69170,86.1,28,964,1,1,2,4242,19041,22,18,26,38807,48.4,80364,
18087,Indiana,LaGrange,78.6,77.7,79.5,95.4,63.7,127.0,,,,,,,,,,,,,,,,78.3,77.4,79.2,431,328,296,360,,,,,,,,,,,,,,,,,,,,,,36,64,45,89,,,,,,,,,,,,,,,,,,,,,,32,6,4,9,,,,,,,,,,,,,,,,,,,,,,15,14,17,11,10,13,17,54,42,35,50,21,19,23,20,11,7,18,10,,,,,,,,,,,,,,,,,,,,,,35,30,40,642,2,4270,11,35,29,42,11,9,13,,,,,,,,,,,,,,,,,,,,,,47,115.0,19,16,23,5,31,16,8,27,15,12,7,20,,,,,,,,,,,,,,,,,,,,,,23,20,26,32,27,36,6298,28,25,32,5373,41,34,48,64,1573:1,9,10478,82,80,84,979,8,6,10,,0,44,43,0,69.1,40.5,345,89,3.1,,,,2.6,3.1,3.2,,,,2.7,3.3,0.11,12152,-533,41,41628,63872,0.65,0.59,0.71,81738,72086,91390,,,,,,,,,,79009,41427,116591,84571,80618,88524,4,1,,,,,,,,,,,,,,,,,,,,,,,,,,31,11,8,16,,,,,,,,,,,,,,,,,,,,,,19,9,6,15,,,,,,,,,,,,,,,,,,,,,,12,6,18,29,25,33,31.4,14.9,48.9,136,0.3,149,0.4,1890,4.6,11,0.0,200,0.5,38297,93.6,35,1162,3,2,4,1069,12972,8,5,11,40446,100.0,40907,
18089,Indiana,Lake,74.4,74.1,74.6,78.5,77.8,79.2,,,,86.4,83.2,89.5,68.8,68.2,69.4,,,,,,,75.6,75.2,75.9,9082,512,501,523,372,349,395,,,,149,106,205,780,751,809,,,,,,,463,449,477,342,68,61,75,58,45,72,,,,,,,129,110,148,,,,,,,40,32,49,306,8,7,9,7,6,9,,,,,,,13,11,15,,,,,,,5,4,6,13,12,14,12,11,13,1146,273,38,35,42,17,16,19,304,12,10,13,12,7,5,10,,,,,,,8,6,11,,,,,,,15,13,18,34,31,37,51764,10,69660,14,43,40,47,18,17,19,18,17,20,,,,,,,31,29,33,,,,21,16,27,10,9,11,3101,620.6,17,15,20,67,288,23,20,26,586,39,36,43,23,18,30,,,,,,,44,37,51,,,,,,,45,41,50,17,15,19,29,26,32,26278,9,8,10,5407,5,3,6,129,775:1,124,137105,71,70,72,25011,13,13,14,73,0,60,34,1,68.1,61.4,5916,87,3.0,,3.8,2.4,2.9,3.5,3.1,,4.2,2.5,3.0,3.6,0.27,12463,-3345,55,47096,67167,0.70,0.68,0.73,69182,65916,72448,71114,58253,83975,88006,71257,104755,41920,39554,44286,67488,63290,71686,82756,80891,84621,139,5,70,17,16,18,11,9,14,,,,,,,53,48,58,,,,,,,5,4,6,369,11,10,12,7,5,10,,,,,,,18,15,21,,,,,,,9,8,11,589,24,22,26,14,11,17,,,,,,,58,51,64,,,,,,,14,12,16,7,5,9,29,26,32,23.0,18.3,51.4,2797,0.6,8868,1.8,106457,21.3,373,0.1,116683,23.3,259829,51.9,29,9240,2,2,2,40990,116292,35,33,38,22625,4.5,500598,
18091,Indiana,LaPorte,74.3,73.8,74.9,79.1,76.2,82.0,,,,,,,68.5,66.7,70.2,,,,,,,74.5,73.9,75.2,2172,519,496,542,333,252,431,,,,,,,806,710,901,,,,,,,510,484,536,69,67,52,85,,,,,,,,,,168,105,254,,,,,,,55,39,75,67,8,6,10,,,,,,,,,,18,11,27,,,,,,,6,5,9,14,12,15,12,10,13,213,224,40,34,46,19,17,21,120,21,17,25,22,,,,,,,,,,,,,,,,,,,,,,33,29,38,9287,8,16270,15,39,33,45,24,22,26,27,21,34,,,,,,,37,30,46,,,,30,21,42,21,18,23,348,311.6,18,15,22,15,81,19,13,25,154,46,39,53,41,20,75,,,,,,,45,26,72,,,,,,,48,40,56,20,18,22,29,25,33,5672,9,8,11,1112,5,3,6,120,834:1,70,32570,75,73,76,4257,10,9,12,31,0,46,39,0,68.6,58.4,1240,86,3.1,,,2.6,3.0,3.3,3.3,,,2.8,3.2,3.4,0.15,11957,-127,59,45653,64056,0.71,0.66,0.77,64204,58604,69804,49000,20596,77404,128421,49929,206913,39329,34735,43923,69137,53206,85068,74596,71570,77622,14,2,61,6,5,8,,,,,,,,,,28,18,41,,,,,,,3,2,5,102,13,11,16,,,,,,,,,,16,9,27,,,,,,,14,11,18,97,18,14,21,,,,,,,,,,35,22,53,,,,,,,17,13,21,9,5,12,28,24,31,21.1,20.0,48.1,559,0.5,744,0.7,8713,7.8,39,0.0,12392,11.1,86831,77.7,33,486,0,0,1,8356,23895,35,31,39,41056,36.5,111706,
18093,Indiana,Lawrence,73.8,73.0,74.6,,,,,,,,,,,,,,,,,,,,,,968,539,503,575,,,,,,,,,,,,,,,,,,,,,,24,57,36,84,,,,,,,,,,,,,,,,,,,,,,22,6,4,10,,,,,,,,,,,,,,,,,,,,,,14,13,16,11,10,13,37,96,40,32,47,20,18,22,34,15,10,21,15,,,,,,,,,,,,,,,,,,,,,,34,29,39,1351,3,6490,14,39,33,46,24,20,27,39,19,72,,,,,,,,,,,,,,,,24,20,27,102,225.6,18,15,22,3,24,13,4,25,46,34,25,45,,,,,,,,,,,,,,,,,,,,,,21,18,23,30,26,35,2372,9,7,11,516,5,4,7,89,1127:1,42,15321,80,78,82,1565,8,7,10,31,0,86,35,0,66.4,59.6,441,83,3.1,,,,,,3.2,,,,,,0.02,13274,1383,55,42626,60353,0.71,0.64,0.77,64958,59462,70454,102353,58816,145890,,,,,,,95833,76350,115316,65234,61240,69228,9,4,62,,,,,,,,,,,,,,,,,,,,,,,,,48,15,11,20,,,,,,,,,,,,,,,,,,,,,,27,12,8,17,,,,,,,,,,,,,,,,,,,,,,,,,25,22,29,21.1,20.8,50.1,260,0.6,287,0.6,945,2.1,18,0.0,256,0.6,42809,95.0,33,112,0,0,1,2060,9628,21,16,26,30579,67.9,45084,
18095,Indiana,Madison,73.2,72.7,73.6,82.5,77.3,87.6,,,,,,,69.3,67.5,71.1,,,,,,,73.3,72.7,73.8,2722,562,540,584,289,199,406,,,,,,,767,673,861,,,,,,,558,534,582,84,68,54,84,,,,,,,,,,123,65,210,,,,,,,67,52,86,76,8,6,9,,,,,,,,,,,,,,,,,,,,,,14,12,16,11,10,13,216,192,40,34,46,19,18,21,131,20,17,24,20,,,,,,,,,,,,,,,,,,,,,,32,28,37,19346,15,20490,16,38,33,44,25,23,27,28,22,36,,,,,,,45,36,53,,,,31,21,45,23,21,25,756,573.8,17,14,20,16,95,17,12,22,187,48,41,55,,,,,,,,,,43,23,72,,,,,,,51,43,58,23,20,25,29,25,33,6980,9,8,11,1246,4,3,6,105,953:1,51,36975,70,69,71,5629,11,9,13,37,0,72,36,0,66.8,51.8,1253,90,2.9,,,2.4,2.7,3.0,3.1,,,2.4,2.8,3.2,0.15,11464,-701,58,46398,56905,0.82,0.77,0.86,62000,57703,66297,43646,40692,46600,52388,17371,87405,31720,27745,35695,62429,44625,80233,64975,62258,67692,22,3,59,6,5,8,,,,,,,,,,26,16,41,,,,,,,4,3,6,142,16,13,18,,,,,,,,,,14,7,26,,,,,,,16,14,19,102,16,13,19,,,,,,,,,,35,21,54,,,,,,,14,11,18,7,4,10,24,21,28,21.3,18.9,49.6,613,0.5,974,0.7,7538,5.7,105,0.1,11395,8.6,109485,82.6,32,554,0,0,1,8354,28091,30,26,33,32041,24.6,132504,
18097,Indiana,Marion,73.0,72.9,73.2,79.3,77.9,80.7,98.9,57.3,140.5,82.0,80.5,83.5,69.8,69.4,70.2,,,,,,,73.6,73.3,73.8,17608,577,569,586,393,362,424,,,,225,192,258,730,711,748,,,,,,,559,548,570,891,85,80,91,70,58,82,,,,34,19,55,134,122,146,,,,,,,64,56,72,792,8,7,9,6,5,8,,,,5,3,7,12,11,13,,,,12,8,17,6,5,6,14,13,15,13,12,14,5129,642,39,36,43,18,17,20,729,15,14,16,15,6,3,10,,,,10,5,17,9,8,11,,,,,,,20,18,22,32,30,35,110524,12,135660,14,40,37,43,27,26,27,43,41,45,,,,11,8,14,33,31,34,,,,22,19,25,16,16,17,10394,1072.1,19,17,22,165,653,25,23,27,2026,70,67,73,21,16,26,,,,,,,74,68,80,,,,,,,86,81,90,18,16,19,29,26,31,68124,12,11,13,12677,5,4,6,220,455:1,191,221837,56,55,57,59459,15,15,16,49,0,80,40,0,64.6,58.4,12230,80,2.7,,3.3,2.4,2.5,3.2,2.8,,3.3,2.5,2.6,3.3,0.18,13589,-3640,68,48874,57392,0.85,0.83,0.88,66653,64514,68792,54286,39761,68811,75220,69019,81421,45580,43584,47576,60153,57663,62643,73852,72328,75376,449,6,52,21,20,22,12,10,15,,,,4,2,8,53,50,56,,,,,,,7,6,8,972,14,14,15,12,10,15,,,,6,3,9,19,17,21,,,,,,,14,13,15,1362,28,27,30,15,12,18,,,,5,3,10,59,55,63,,,,,,,17,16,19,8,6,9,26,24,29,24.8,13.6,51.6,4904,0.5,42099,4.3,134268,13.9,554,0.1,279924,28.9,482832,49.9,30,34686,4,4,4,79562,243032,33,31,35,8594,0.9,968460,
18099,Indiana,Marshall,75.9,75.0,76.7,,,,,,,,,,,,,,,,,,,,,,723,433,399,466,190,117,290,,,,,,,,,,,,,,,,457,420,494,35,70,49,97,,,,,,,,,,,,,,,,,,,,,,27,7,5,10,,,,,,,,,,,,,,,,,,,,,,13,12,15,11,9,13,19,49,36,29,43,19,17,21,43,18,13,25,19,,,,,,,,,,,,,,,,,,,,,,32,28,37,2321,5,6140,13,39,32,46,18,16,21,33,26,42,,,,,,,,,,,,,,,,16,13,18,101,218.0,18,15,22,10,48,21,14,29,39,28,20,38,,,,,,,,,,,,,,,,,,,,,,19,17,22,28,24,32,3635,14,12,16,1132,10,7,12,86,1159:1,35,13302,77,74,79,1443,9,7,11,41,0,47,64,0,69.4,60.2,629,87,3.0,,,,2.8,3.1,3.1,,,,2.7,3.2,0.08,11672,537,54,45717,58066,0.79,0.69,0.88,70390,62195,78585,,,,81953,36910,126996,,,,50647,28900,72394,69814,65087,74541,12,4,,,,,,,,,,,,,,,,,,,,,,,,,,57,18,13,23,,,,,,,,,,,,,,,,,,,,,,29,13,8,18,,,,,,,,,,,,,,,,,,,,,,,,,25,21,28,24.1,19.4,49.6,196,0.4,332,0.7,5597,12.1,51,0.1,348,0.8,39365,84.9,31,570,1,1,2,1523,11411,13,9,17,33816,73.4,46352,
18101,Indiana,Martin,75.8,74.1,77.5,,,,,,,,,,,,,,,,,,,,,,199,505,429,581,,,,,,,,,,,,,,,,,,,,,,,,,,,,,,,,,,,,,,,,,,,,,,,,,,,,,,,,,,,,,,,,,,,,,,,,15,13,16,11,10,13,8,96,40,32,48,21,19,23,10,20,9,39,20,,,,,,,,,,,,,,,,,,,,,,32,27,37,325,3,1490,15,39,32,46,24,17,32,,,,,,,,,,,,,,,,,,,,,,11,112.2,19,15,24,1,10,10,1,30,,,,,,,,,,,,,,,,,,,,,,,,,,24,21,27,30,26,35,525,10,8,11,142,6,4,9,30,3299:1,34,3073,78,74,83,379,10,6,14,26,0,94,36,0,61.1,65.1,121,96,3.3,,,,,,3.3,,,,,,0.05,11267,-3305,47,52446,51389,1.02,0.68,1.36,60862,52070,69654,,,,,,,,,,,,,,,,2,3,,,,,,,,,,,,,,,,,,,,,,,,,,13,18,10,32,,,,,,,,,,,,,,,,,,,,,,,,,,,,,,,,,,,,,,,,,,,,,,,,,,24,21,27,22.0,22.0,48.8,46,0.5,60,0.6,159,1.6,2,0.0,52,0.5,9487,95.9,34,1,0,0,1,435,2187,20,11,29,9812,100.0,9897,
18103,Indiana,Miami,74.1,73.2,75.0,,,,,,,,,,71.4,65.1,77.6,,,,,,,73.7,72.8,74.7,704,529,488,569,,,,,,,,,,620,379,957,,,,,,,540,496,583,20,61,37,94,,,,,,,,,,,,,,,,,,,,,,,,,,,,,,,,,,,,,,,,,,,,,,,14,12,16,12,10,13,32,105,42,34,50,20,18,22,35,19,13,27,20,,,,,,,,,,,,,,,,,,,,,,31,27,37,3609,10,5640,16,38,32,45,26,23,30,35,20,57,,,,,,,,,,,,,,,,27,23,31,96,269.1,18,14,22,9,32,28,19,38,38,35,25,49,,,,,,,,,,,,,,,,,,,,,,22,19,25,29,25,34,1933,10,8,12,361,5,3,6,59,1686:1,34,9957,75,73,78,1220,9,7,12,7,0,76,43,0,66.2,52.1,372,90,3.1,,,,,,3.2,,,,,,0.02,11411,-225,58,46571,52146,0.89,0.81,0.97,59297,50731,67863,,,,,,,41964,22811,61117,78125,43391,112859,61554,57241,65867,5,3,68,5,3,9,,,,,,,,,,,,,,,,,,,,,,39,16,11,21,,,,,,,,,,,,,,,,,,,,,,24,13,9,20,,,,,,,,,,,,,,,,,,,,,,12,6,19,26,22,29,20.6,18.5,45.5,342,1.0,173,0.5,1383,3.9,14,0.0,1763,5.0,31059,87.7,33,97,0,0,1,1505,7524,20,15,25,16384,45.6,35402,
18105,Indiana,Monroe,77.5,77.0,78.0,87.8,79.8,95.9,,,,94.7,82.2,107.2,76.3,68.9,83.6,,,,,,,77.1,76.5,77.6,1627,389,370,409,,,,,,,,,,551,427,699,,,,,,,408,386,429,51,39,29,51,,,,,,,,,,,,,,,,,,,,,,48,6,4,8,,,,,,,,,,,,,,,,,,,,,,12,11,13,10,9,12,235,189,38,32,43,18,16,19,96,13,10,16,13,,,,,,,,,,,,,,,,,,,,,,31,29,33,7376,5,21040,15,34,29,39,6,5,6,10,6,15,,,,,,,12,8,18,,,,7,4,13,6,5,6,728,520.9,19,15,22,10,49,20,13,28,151,35,30,41,,,,,,,,,,77,40,134,,,,,,,39,32,45,16,14,18,24,20,27,5995,7,6,8,943,4,3,5,144,693:1,78,31949,55,54,56,10356,18,17,20,54,0,101,36,1,65.7,54.4,1002,92,3.3,,,2.6,3.0,3.3,3.4,,4.2,2.6,3.1,3.4,0.06,12377,2625,37,50589,64201,0.79,0.74,0.84,60553,55433,65673,,,,30427,17720,43134,49173,24554,73792,73824,55833,91815,66855,62964,70746,51,9,50,4,3,5,,,,,,,,,,33,17,58,,,,,,,3,2,4,71,7,5,9,,,,,,,,,,,,,,,,,,,,,,75,10,8,13,,,,,,,,,,58,32,95,,,,,,,10,7,13,2,1,2,22,20,24,15.8,15.3,50.3,497,0.4,9692,7.0,6881,4.9,131,0.1,5259,3.8,113519,81.5,28,1217,1,1,1,4906,22229,22,18,26,29615,21.2,139342,
18107,Indiana,Montgomery,75.6,74.7,76.5,,,,,,,,,,,,,,,,,,,,,,657,460,423,497,,,,,,,,,,,,,,,,,,,,,,22,56,35,85,,,,,,,,,,,,,,,,,,,,,,24,8,5,12,,,,,,,,,,,,,,,,,,,,,,14,13,16,11,10,13,35,109,43,36,50,20,18,21,36,18,12,25,19,,,,,,,,,,,,,,,,,,,,,,34,29,39,1436,4,5530,15,41,35,47,28,24,31,15,7,27,,,,,,,,,,,,,,,,29,25,33,156,407.6,19,16,23,3,36,8,2,18,39,34,24,46,,,,,,,,,,,,,,,,,,,,,,21,19,23,29,25,33,2092,10,8,11,474,5,4,7,88,1135:1,48,12079,78,76,80,1342,9,7,11,15,0,93,40,0,69.7,59.3,441,90,2.9,,,,2.5,3.0,3.1,,,,2.4,3.2,0.09,12137,-155,49,47821,57553,0.83,0.73,0.94,69928,62790,77066,,,,105068,84070,126066,,,,49600,10768,88432,67109,60357,73861,13,6,49,4,2,7,,,,,,,,,,,,,,,,,,,,,,38,14,10,19,,,,,,,,,,,,,,,,,,,,,,25,13,8,19,,,,,,,,,,,,,,,,,,,,,,8,3,14,25,22,29,22.9,19.3,49.0,162,0.4,340,0.9,2447,6.3,16,0.0,428,1.1,34746,90.1,32,260,1,0,1,1520,8823,17,13,22,20073,52.9,38573,
18109,Indiana,Morgan,75.3,74.7,75.9,,,,,,,,,,,,,,,,,,,,,,1273,449,423,475,,,,,,,,,,,,,,,,,,,,,,26,37,24,55,,,,,,,,,,,,,,,,,,,,,,26,5,3,7,,,,,,,,,,,,,,,,,,,,,,13,12,15,11,9,12,60,97,38,31,45,20,18,22,75,20,15,25,21,,,,,,,,,,,,,,,,,,,,,,32,27,37,4183,6,8990,13,36,30,42,15,13,17,,,,,,,,,,,,,,,,,,,,,,192,265.8,19,15,23,6,43,14,7,23,78,36,29,45,,,,,,,,,,,,,,,,,,,,,,20,18,23,28,24,33,3625,8,7,10,862,5,4,7,82,1220:1,52,22982,83,81,84,2557,9,8,11,23,0,104,45,1,72.8,67.1,875,89,3.1,,,,,,3.3,,,,,,0.05,11644,403,48,46542,66265,0.70,0.66,0.75,74193,66808,81578,,,,,,,19043,16783,21303,70417,27193,113641,80326,73972,86680,14,4,73,2,1,4,,,,,,,,,,,,,,,,,,,,,,68,14,11,17,,,,,,,,,,,,,,,,,,,,,,53,15,11,19,,,,,,,,,,,,,,,,,,,,,,,,,23,20,27,21.9,18.6,49.9,279,0.4,561,0.8,1709,2.3,35,0.0,990,1.4,68866,94.0,31,140,0,0,0,3536,16065,22,18,26,38833,54.1,73227,
18111,Indiana,Newton,73.6,72.1,75.1,,,,,,,,,,,,,,,,,,,,,,299,539,474,605,,,,,,,,,,,,,,,,,,,,,,,,,,,,,,,,,,,,,,,,,,,,,,,,,,,,,,,,,,,,,,,,,,,,,,,,14,12,15,11,9,13,8,68,42,33,50,20,18,22,13,18,9,31,19,,,,,,,,,,,,,,,,,,,,,,33,28,38,770,5,2080,15,40,33,47,18,14,24,,,,,,,,,,,,,,,,,,,,,,22,159.2,19,15,23,6,27,22,12,33,16,39,22,63,,,,,,,,,,,,,,,,,,,,,,21,19,24,29,25,34,885,11,9,13,176,6,4,8,43,2327:1,10,4486,80,76,84,656,12,8,16,6,0,66,49,0,69.9,61.8,158,87,3.1,,,,3.0,3.2,3.2,,,,2.7,3.3,0.02,12333,-1219,59,41868,57475,0.73,0.60,0.86,70836,61616,80056,,,,,,,,,,60139,29642,90636,66173,55509,76837,4,5,85,,,,,,,,,,,,,,,,,,,,,,,,,30,31,21,44,,,,,,,,,,,,,,,,,,,,,,,,,,,,,,,,,,,,,,,,,,,,,,,,,,26,22,30,21.1,20.9,49.0,95,0.7,79,0.6,1185,8.5,20,0.1,145,1.0,12339,88.4,32,48,0,0,1,733,2914,25,15,36,13830,100.0,13960,
18113,Indiana,Noble,75.8,75.0,76.6,85.0,76.4,93.6,,,,,,,,,,,,,,,,75.4,74.5,76.2,734,414,382,445,226,143,339,,,,,,,,,,,,,,,,434,400,468,46,91,67,122,119,57,219,,,,,,,,,,,,,,,,87,61,121,41,9,7,13,,,,,,,,,,,,,,,,,,,,,,13,11,14,10,9,12,26,66,37,30,44,18,16,20,41,17,12,24,17,,,,,,,,,,,,,,,,,,,,,,32,28,37,1764,4,5790,12,36,30,43,26,23,29,28,21,37,,,,,,,,,,,,,,,,26,23,29,142,299.8,18,14,22,7,41,17,10,26,32,22,15,32,,,,,,,,,,,,,,,,,,,,,,19,17,22,27,23,32,3128,11,10,13,887,7,5,10,57,1757:1,22,13700,76,74,79,1226,7,5,9,36,0,44,33,0,70.0,56.1,522,91,2.9,,,,2.9,2.9,3.0,,,,2.8,3.1,0.24,11840,-375,53,45308,60858,0.74,0.70,0.79,66072,59482,72662,150893,128083,173703,66336,21210,111462,,,,78233,46547,109919,71245,67690,74800,8,3,,3,2,6,,,,,,,,,,,,,,,,,,,,,,52,16,12,20,,,,,,,,,,,,,,,,,,,,,,37,16,11,21,,,,,,,,,,,,,,,,,,,,,,,,,26,23,30,24.1,18.0,49.5,246,0.5,261,0.6,5497,11.6,46,0.1,440,0.9,40518,85.4,30,1045,2,2,3,1743,11576,15,11,19,36870,77.7,47430,
18115,Indiana,Ohio,78.0,76.1,79.9,,,,,,,,,,,,,,,,,,,,,,110,405,322,488,,,,,,,,,,,,,,,,,,,,,,,,,,,,,,,,,,,,,,,,,,,,,,,,,,,,,,,,,,,,,,,,,,,,,,,,13,11,14,10,9,12,,,38,30,46,18,16,20,,,,,,,,,,,,,,,,,,,,,,,,,,,33,27,38,,,800,13,36,29,43,17,10,27,,,,,,,,,,,,,,,,,,,,,,9,147.2,20,16,24,1,4,25,2,54,,,,,,,,,,,,,,,,,,,,,,,,,,18,15,20,25,21,29,298,9,7,10,80,6,4,8,33,3002:1,3,1978,77,72,82,125,5,1,9,,0,82,28,0,70.1,64.9,,,3.1,,,,,,3.1,,,,,,,12195,-995,45,43022,59297,0.73,0.59,0.86,70757,60422,81092,,,,,,,,,,,,,,,,1,3,,,,,,,,,,,,,,,,,,,,,,,,,,,,,,,,,,,,,,,,,,,,,,,,,,,,,,,,,,,,,,,,,,,,,,,,,,,,,,,25,22,29,19.9,23.8,49.6,21,0.3,19,0.3,94,1.6,1,0.0,52,0.9,5745,95.7,29,0,0,0,2,298,1226,24,11,37,5940,100.0,6004,
18117,Indiana,Orange,74.2,73.0,75.4,,,,,,,,,,,,,,,,,,,,,,432,529,475,582,,,,,,,,,,,,,,,,,,,,,,14,71,39,120,,,,,,,,,,,,,,,,,,,,,,,,,,,,,,,,,,,,,,,,,,,,,,,14,12,16,11,10,13,18,109,42,34,51,20,19,23,17,18,10,29,17,,,,,,,,,,,,,,,,,,,,,,33,27,38,78,0,3200,16,40,34,49,28,23,34,,,,,,,,,,,,,,,,,,,,,,50,254.8,18,15,23,3,12,25,10,42,14,24,13,40,,,,,,,,,,,,,,,,,,,,,,21,19,24,27,24,33,1063,10,8,11,269,6,4,8,76,1309:1,19,6296,79,76,82,733,9,7,12,47,0,76,32,0,61.0,58.8,207,89,3.1,,,,,,3.1,,,,,,0.04,12136,-688,55,42829,52342,0.82,0.74,0.90,59750,52433,67067,,,,,,,130529,7014,254044,129205,42247,216163,65083,59565,70601,4,3,87,,,,,,,,,,,,,,,,,,,,,,,,,22,16,10,24,,,,,,,,,,,,,,,,,,,,,,14,14,8,24,,,,,,,,,,,,,,,,,,,,,,,,,24,21,28,23.0,21.2,49.7,90,0.5,81,0.4,375,1.9,5,0.0,311,1.6,18509,94.3,31,41,0,0,1,1222,4522,27,19,36,19867,100.0,19638,
18119,Indiana,Owen,72.8,71.5,74.2,,,,,,,,,,,,,,,,,,,,,,497,565,511,620,,,,,,,,,,,,,,,,,,,,,,17,89,52,143,,,,,,,,,,,,,,,,,,,,,,,,,,,,,,,,,,,,,,,,,,,,,,,14,13,16,11,10,13,15,81,40,32,48,20,18,22,24,22,14,34,23,,,,,,,,,,,,,,,,,,,,,,34,29,39,57,0,3290,15,38,31,45,20,16,25,,,,,,,,,,,,,,,,,,,,,,35,162.9,18,14,22,3,11,27,11,45,18,28,17,45,,,,,,,,,,,,,,,,,,,,,,22,20,25,30,26,35,1248,10,8,12,280,6,4,8,70,1435:1,19,6951,81,78,84,678,8,6,11,11,0,99,45,1,60.3,60.4,149,83,3.1,,,,,,3.2,,,,,,0.03,12508,929,58,46696,57594,0.81,0.75,0.87,62247,53541,70953,,,,,,,,,,41250,5485,77015,59921,52388,67454,4,3,,7,4,13,,,,,,,,,,,,,,,,,,,,,,30,20,14,29,,,,,,,,,,,,,,,,,,,,,,27,26,17,37,,,,,,,,,,,,,,,,,,,,,,,,,26,22,29,19.8,21.6,49.5,91,0.4,118,0.5,361,1.7,2,0.0,155,0.7,20495,95.2,33,7,0,0,1,862,4276,20,13,28,21321,100.0,21532,
18121,Indiana,Parke,77.9,76.4,79.3,,,,,,,,,,,,,,,,,,,,,,271,399,349,450,,,,,,,,,,,,,,,,,,,,,,11,70,35,125,,,,,,,,,,,,,,,,,,,,,,,,,,,,,,,,,,,,,,,,,,,,,,,14,12,16,11,9,13,19,138,38,31,47,20,18,22,10,12,5,23,12,,,,,,,,,,,,,,,,,,,,,,32,27,37,1123,6,2480,15,38,31,45,15,11,19,,,,,,,,,,,,,,,,,,,,,,66,403.2,19,15,23,0,11,0,0,19,10,20,10,37,,,,,,,,,,,,,,,,,,,,,,21,18,24,29,25,34,1073,13,11,15,367,10,6,13,49,2061:1,8,4885,82,79,84,534,9,6,13,4,0,112,47,0,59.8,53.6,163,92,3.1,,,,,,3.1,,,,,,0.05,11960,-679,59,41800,60330,0.69,0.60,0.79,70989,66377,75601,,,,,,,32123,3594,60652,,,,68110,63704,72516,3,3,56,,,,,,,,,,,,,,,,,,,,,,,,,14,12,7,20,,,,,,,,,,,,,,,,,,,,,,,,,,,,,,,,,,,,,,,,,,,,,,,,,,24,20,27,22.9,21.2,51.8,88,0.5,35,0.2,278,1.7,7,0.0,339,2.1,15579,94.5,32,74,0,0,1,570,3628,16,10,22,16055,99.4,16484,
18123,Indiana,Perry,77.3,76.2,78.4,,,,,,,,,,,,,,,,,,,,,,294,385,338,431,,,,,,,,,,,,,,,,,,,,,,,,,,,,,,,,,,,,,,,,,,,,,,,,,,,,,,,,,,,,,,,,,,,,,,,,13,11,14,11,9,12,19,115,41,33,48,18,16,20,12,13,6,23,13,,,,,,,,,,,,,,,,,,,,,,33,28,38,1366,7,2700,14,36,29,43,29,23,35,,,,,,,,,,,,,,,,,,,,,,29,151.2,19,15,23,3,12,25,10,42,,,,,,,,,,,,,,,,,,,,,,,,,,19,17,22,27,23,31,742,7,6,9,163,4,3,5,115,873:1,51,5808,75,72,78,673,9,6,12,36,0,104,25,0,69.9,58.1,236,92,3.2,,,,,,3.2,,,,,,0.04,11053,-5739,48,47486,58835,0.81,0.75,0.87,63098,54553,71643,,,,119524,99705,139343,,,,,,,60980,56396,65564,3,3,,,,,,,,,,,,,,,,,,,,,,,,,,21,16,10,24,,,,,,,,,,,,,,,,,,,,,,,,,,,,,,,,,,,,,,,,,,,,,,,,,,26,22,29,20.4,19.9,45.1,84,0.4,175,0.9,333,1.7,13,0.1,617,3.2,17811,92.7,30,17,0,0,1,767,4014,19,13,26,10409,54.3,19209,
18125,Indiana,Pike,74.2,72.6,75.8,,,,,,,,,,,,,,,,,,,,,,263,528,460,597,,,,,,,,,,,,,,,,,,,,,,,,,,,,,,,,,,,,,,,,,,,,,,,,,,,,,,,,,,,,,,,,,,,,,,,,14,12,15,11,9,12,5,49,42,34,50,20,18,22,13,18,9,32,21,,,,,,,,,,,,,,,,,,,,,,32,27,37,109,1,1660,14,40,33,47,20,15,27,,,,,,,,,,,,,,,,,,,,,,12,98.6,18,15,23,0,5,0,0,32,,,,,,,,,,,,,,,,,,,,,,,,,,21,19,24,29,24,33,605,9,7,10,152,5,4,7,50,2018:1,18,4268,85,84,87,379,8,5,11,6,0,129,35,0,67.2,64.6,135,93,2.9,,,,,,3.0,,,,,,0.05,13549,2307,52,43246,62455,0.69,0.59,0.79,66716,57872,75560,,,,,,,,,,,,,,,,3,4,,,,,,,,,,,,,,,,,,,,,,,,,,11,13,6,23,,,,,,,,,,,,,,,,,,,,,,10,16,8,30,,,,,,,,,,,,,,,,,,,,,,,,,24,20,27,22.2,21.5,49.2,41,0.3,57,0.5,209,1.7,8,0.1,92,0.8,11581,95.7,32,9,0,0,1,299,2669,11,5,17,12250,100.0,12106,
18127,Indiana,Porter,77.0,76.6,77.4,78.9,77.5,80.4,,,,103.3,75.2,131.4,74.4,72.2,76.7,,,,,,,76.7,76.3,77.1,2549,384,369,400,290,242,338,,,,,,,574,467,680,,,,,,,394,377,411,72,43,34,54,45,22,80,,,,,,,,,,,,,,,,43,32,56,45,4,3,5,,,,,,,,,,,,,,,,,,,,,,12,11,13,10,9,11,184,123,37,32,43,18,16,20,141,16,13,18,16,,,,,,,,,,,,,,,,,,,,,,31,27,36,13057,8,21300,12,38,33,43,9,8,10,9,7,11,,,,,,,13,9,19,,,,14,8,24,9,8,10,430,246.0,19,16,23,9,86,10,6,16,143,27,23,32,23,12,39,,,,,,,,,,,,,,,,29,24,34,17,15,19,25,22,29,8380,8,7,9,1511,4,3,5,106,948:1,50,52543,77,76,79,6978,11,9,12,44,0,56,37,0,77.1,66.7,2195,94,3.4,,,2.8,3.2,3.5,3.5,,,3.0,3.3,3.6,0.08,11057,1408,39,50500,75197,0.67,0.63,0.71,79398,73730,85066,,,,129764,98404,161124,85740,42159,129321,79282,67783,90781,87195,83480,90910,28,3,57,3,2,4,,,,,,,,,,,,,,,,,,,,,,133,11,9,13,12,7,20,,,,,,,,,,,,,,,,12,9,14,93,11,9,13,,,,,,,,,,,,,,,,,,,,,,4,2,6,24,21,27,21.1,18.9,50.5,709,0.4,2700,1.5,21004,12.0,79,0.0,8212,4.7,140344,80.0,30,977,1,0,1,6517,37538,17,15,20,40843,23.6,175335,
18129,Indiana,Posey,78.3,77.2,79.5,,,,,,,,,,,,,,,,,,,,,,373,366,326,406,,,,,,,,,,,,,,,,,,,,,,10,42,20,77,,,,,,,,,,,,,,,,,,,,,,,,,,,,,,,,,,,,,,,,,,,,,,,11,10,13,9,8,11,11,52,36,29,44,17,16,19,25,19,12,29,20,,,,,,,,,,,,,,,,,,,,,,31,26,36,2175,8,3090,12,35,28,42,14,11,18,,,,,,,,,,,,,,,,,,,,,,64,255.4,20,16,24,2,12,17,4,34,13,17,9,29,,,,,,,,,,,,,,,,,,,,,,15,13,18,22,19,26,917,6,5,8,242,4,3,6,24,4173:1,28,8430,82,80,85,926,9,6,12,15,0,167,39,0,72.5,66.9,290,95,3.4,,,,,,3.8,,,,,,0.04,12609,1307,38,47641,72033,0.66,0.58,0.74,76228,68440,84016,,,,,,,,,,178844,139858,217830,78650,72901,84399,7,5,,,,,,,,,,,,,,,,,,,,,,,,,,22,12,8,19,,,,,,,,,,,,,,,,,,,,,,28,22,15,32,,,,,,,,,,,,,,,,,,,,,,,,,23,19,26,21.4,21.7,49.7,78,0.3,157,0.6,397,1.6,6,0.0,292,1.2,23795,95.0,27,0,0,0,0,909,5568,16,10,22,17759,70.4,25040,
18131,Indiana,Pulaski,72.2,70.4,73.9,,,,,,,,,,,,,,,,,,,,,,276,593,517,668,,,,,,,,,,,,,,,,,,,,,,13,109,58,186,,,,,,,,,,,,,,,,,,,,,,,,,,,,,,,,,,,,,,,,,,,,,,,14,13,16,11,10,13,,,41,33,50,20,18,22,17,27,15,44,27,,,,,,,,,,,,,,,,,,,,,,34,29,39,478,4,1840,15,37,30,45,20,15,26,,,,,,,,,,,,,,,,,,,,,,30,240.3,18,15,23,0,22,0,0,11,23,62,39,93,,,,,,,,,,,,,,,,,,,,,,22,19,24,29,25,34,729,10,8,12,184,6,4,9,89,1126:1,28,3673,75,71,79,460,10,7,13,26,1,70,67,0,62.9,60.4,152,93,3.1,,,,,,3.3,,,,,,0.03,15071,2488,54,37348,53794,0.69,0.55,0.83,70303,63814,76792,,,,,,,,,,83897,48581,119213,59943,56087,63799,5,8,,,,,,,,,,,,,,,,,,,,,,,,,,20,23,14,35,,,,,,,,,,,,,,,,,,,,,,17,27,16,44,,,,,,,,,,,,,,,,,,,,,,,,,26,23,30,21.8,21.9,49.7,68,0.5,102,0.8,561,4.5,3,0.0,110,0.9,11391,92.0,32,57,0,0,1,508,2715,19,10,28,12514,100.0,12385,
18133,Indiana,Putnam,75.8,75.0,76.7,,,,,,,,,,,,,,,,,,,,,,622,461,423,498,,,,,,,,,,,,,,,,,,,,,,14,40,22,67,,,,,,,,,,,,,,,,,,,,,,,,,,,,,,,,,,,,,,,,,,,,,,,13,11,14,11,9,12,51,159,39,32,47,19,17,21,43,22,16,30,23,,,,,,,,,,,,,,,,,,,,,,33,28,38,1344,4,4780,13,40,33,47,13,11,16,,,,,,,,,,,,,,,,,,,,,,99,265.4,19,15,24,3,39,8,2,16,25,22,14,33,,,,,,,,,,,,,,,,,,,,,,19,17,21,26,22,30,1586,8,7,10,329,4,3,6,83,1212:1,41,10283,74,71,76,738,5,4,7,24,0,88,46,0,65.8,56.3,395,94,3.3,,,,,,3.4,,,,,,0.04,10843,-1445,48,46029,59534,0.77,0.67,0.88,73137,65488,80786,,,,208500,49695,367305,26166,6829,45503,,,,78717,74698,82736,4,2,65,,,,,,,,,,,,,,,,,,,,,,,,,42,16,12,22,,,,,,,,,,,,,,,,,,,,,,31,17,11,24,,,,,,,,,,,,,,,,,,,,,,9,3,14,26,23,30,19.7,17.9,47.0,162,0.4,484,1.3,890,2.4,23,0.1,1347,3.6,34142,90.9,30,73,0,0,1,1316,7064,19,12,25,26536,72.3,37567,
18135,Indiana,Randolph,73.8,72.7,74.9,,,,,,,,,,,,,,,,,,,,,,484,529,479,579,,,,,,,,,,,,,,,,,,,,,,16,67,38,108,,,,,,,,,,,,,,,,,,,,,,,,,,,,,,,,,,,,,,,,,,,,,,,15,13,16,11,10,13,21,102,39,31,47,20,18,22,25,21,13,31,20,,,,,,,,,,,,,,,,,,,,,,33,29,39,2056,8,3850,16,39,32,46,26,22,30,74,49,108,,,,,,,,,,,,,,,,22,17,26,53,216.9,18,14,22,3,21,14,5,27,45,62,45,82,,,,,,,,,,,,,,,,,,,,,,22,19,24,32,27,37,1452,10,9,12,282,5,3,7,66,1514:1,33,7890,77,74,81,730,7,5,10,13,0,49,31,0,65.5,59.3,1066,69,3.1,,,,2.8,3.1,3.4,,,,3.3,3.4,0.09,10431,-5462,43,40839,54228,0.75,0.71,0.80,58725,51166,66284,70313,53588,87038,,,,,,,37163,10042,64284,61695,56930,66460,5,3,,,,,,,,,,,,,,,,,,,,,,,,,,39,23,16,31,,,,,,,,,,,,,,,,,,,,,,20,16,10,25,,,,,,,,,,,,,,,,,,,,,,,,,25,21,29,22.7,21.0,49.9,119,0.5,109,0.5,1317,5.4,18,0.1,174,0.7,22195,91.7,34,68,0,0,1,1454,5568,26,20,33,16310,66.6,24216,
18137,Indiana,Ripley,74.7,73.7,75.7,,,,,,,,,,,,,,,,,,,,,,508,480,436,525,,,,,,,,,,,,,,,,,,,,,,11,37,19,66,,,,,,,,,,,,,,,,,,,,,,,,,,,,,,,,,,,,,,,,,,,,,,,13,12,15,10,9,12,14,58,37,30,46,19,18,21,24,17,11,26,17,,,,,,,,,,,,,,,,,,,,,,33,28,38,234,1,3820,13,39,32,46,23,19,26,,,,,,,,,,,,,,,,,,,,,,57,196.0,20,16,24,5,27,19,9,30,29,33,22,48,,,,,,,,,,,,,,,,,,,,,,19,17,22,27,23,32,1395,8,7,10,343,5,3,6,113,886:1,22,8837,78,75,81,1131,10,8,13,17,0,51,34,0,68.7,66.4,233,94,3.1,,,,,,3.3,,,,,,0.06,12992,-438,47,44063,56068,0.79,0.68,0.89,66942,58379,75505,,,,,,,,,,98535,20230,176840,70623,66778,74468,2,1,,,,,,,,,,,,,,,,,,,,,,,,,,35,17,12,24,,,,,,,,,,,,,,,,,,,,,,21,15,9,22,,,,,,,,,,,,,,,,,,,,,,,,,24,21,28,23.8,18.8,49.4,114,0.4,219,0.7,608,2.1,5,0.0,163,0.6,27825,95.2,31,34,0,0,1,1256,6882,18,12,25,23592,81.4,29227,
18139,Indiana,Rush,75.0,73.6,76.3,,,,,,,,,,,,,,,,,,,,,,314,488,431,545,,,,,,,,,,,,,,,,,,,,,,,,,,,,,,,,,,,,,,,,,,,,,,,,,,,,,,,,,,,,,,,,,,,,,,,,13,12,15,11,9,12,6,43,42,33,49,20,18,21,15,16,9,27,18,,,,,,,,,,,,,,,,,,,,,,32,28,37,771,4,2470,15,39,32,46,22,18,28,,,,,,,,,,,,,,,,,,,,,,32,191.9,18,14,21,3,15,20,7,35,10,20,10,37,,,,,,,,,,,,,,,,,,,,,,19,17,22,27,23,32,942,10,8,11,254,7,4,9,95,1053:1,45,4878,73,69,77,776,12,9,15,14,0,52,34,0,69.8,61.7,147,98,3.0,,,,,,3.1,,,,,,0.06,13102,2206,59,45712,55838,0.82,0.74,0.90,65326,56708,73944,,,,,,,,,,,,,,,,3,3,,,,,,,,,,,,,,,,,,,,,,,,,,20,17,10,27,,,,,,,,,,,,,,,,,,,,,,,,,,,,,,,,,,,,,,,,,,,,,,,,,,23,20,26,22.4,19.8,50.5,66,0.4,72,0.4,332,2.0,7,0.0,170,1.0,16004,95.0,31,66,0,0,1,670,3761,18,11,25,10283,61.4,16847,
18141,Indiana,St. Joseph,75.1,74.7,75.4,84.1,80.2,88.0,,,,91.7,85.2,98.2,68.3,67.3,69.3,,,,,,,75.7,75.3,76.1,4459,477,463,492,324,274,375,,,,150,99,218,828,771,885,,,,,,,451,435,467,197,68,58,77,60,39,87,,,,,,,167,132,207,,,,,,,48,38,59,195,8,7,9,8,5,12,,,,,,,18,14,22,,,,,,,5,4,7,13,11,14,11,10,13,601,264,38,33,43,18,16,20,202,15,13,17,15,,,,,,,,,,13,8,19,,,,,,,16,14,19,32,28,36,21778,8,38690,14,38,34,43,20,19,21,32,29,36,,,,,,,45,41,49,,,,33,27,39,12,11,13,1754,644.3,17,14,20,30,144,21,17,25,276,34,30,38,14,7,25,,,,,,,55,42,71,,,,,,,35,30,40,17,15,19,28,25,31,14938,10,8,11,2699,4,3,5,129,775:1,104,73649,69,68,70,12518,12,11,13,53,0,42,40,0,68.1,58.3,2776,84,2.9,,3.7,2.2,2.4,3.3,3.0,,4.0,2.1,2.5,3.5,0.15,12060,436,57,46640,59038,0.79,0.76,0.82,65977,62506,69448,70950,61946,79954,90313,57370,123256,38944,34614,43274,59023,50872,67174,70415,68839,71991,69,4,51,9,8,10,7,4,12,,,,,,,44,36,53,,,,,,,3,2,4,215,11,10,13,13,8,19,,,,,,,14,10,20,,,,,,,11,9,13,221,16,14,18,10,5,17,,,,,,,51,41,63,,,,,,,11,9,14,6,4,7,26,23,29,23.1,17.2,51.1,1657,0.6,7739,2.8,29607,10.9,248,0.1,36228,13.3,189835,69.6,29,3802,1,1,2,17356,63416,27,25,30,27344,10.0,272848,
18143,Indiana,Scott,69.1,68.0,70.2,,,,,,,,,,,,,,,,,,,,,,686,769,709,829,,,,,,,,,,,,,,,,,,,,,,16,68,39,110,,,,,,,,,,,,,,,,,,,,,,,,,,,,,,,,,,,,,,,,,,,,,,,16,14,18,12,10,14,138,667,40,32,48,21,19,23,24,19,12,28,20,,,,,,,,,,,,,,,,,,,,,,33,28,38,2380,10,4310,18,38,31,45,36,31,41,,,,,,,,,,,,,,,,,,,,,,60,244.0,18,14,22,6,40,15,8,24,52,71,53,94,,,,,,,,,,,,,,,,,,,,,,23,21,26,33,28,38,1464,10,8,12,293,5,3,7,97,1027:1,54,6947,72,67,78,830,9,6,12,40,0,84,37,0,64.8,55.3,264,72,3.2,,,,,,3.3,,,,,,0.02,12674,550,60,42639,54888,0.78,0.68,0.87,62584,54422,70746,,,,,,,,,,71750,55449,88051,54622,46622,62622,7,5,,,,,,,,,,,,,,,,,,,,,,,,,,54,32,24,42,,,,,,,,,,,,,,,,,,,,,,22,18,11,28,,,,,,,,,,,,,,,,,,,,,,,,,25,21,29,22.7,17.2,51.2,98,0.4,225,0.9,690,2.8,18,0.1,148,0.6,23261,94.3,35,24,0,0,1,1174,5500,21,13,30,16806,68.9,24657,
18145,Indiana,Shelby,75.6,74.7,76.4,,,,,,,,,,,,,,,,,,,,,,752,448,414,482,,,,,,,,,,,,,,,,,,,,,,25,57,37,84,,,,,,,,,,,,,,,,,,,,,,24,7,5,11,,,,,,,,,,,,,,,,,,,,,,14,13,16,11,10,13,38,100,40,32,47,20,18,22,44,20,14,27,20,,,,,,,,,,,,,,,,,,,,,,32,27,37,2158,5,6420,14,36,30,43,19,16,22,21,12,34,,,,,,,,,,,,,,,,19,16,22,114,253.4,18,15,22,5,49,10,4,18,53,39,29,51,,,,,,,,,,,,,,,,,,,,,,21,19,23,29,25,33,2292,9,7,10,560,5,4,7,128,780:1,74,13392,74,72,76,1950,11,9,13,28,0,73,37,0,72.2,59.3,487,92,3.1,,,,3.0,3.2,3.4,,,,3.2,3.4,0.09,11285,91,53,47154,62212,0.76,0.66,0.85,71548,63542,79554,,,,69938,35496,104380,,,,88421,30424,146418,71491,67016,75966,11,4,71,,,,,,,,,,,,,,,,,,,,,,,,,53,17,13,22,,,,,,,,,,,,,,,,,,,,,,32,14,10,20,,,,,,,,,,,,,,,,,,,,,,,,,24,21,28,22.2,19.4,50.0,175,0.4,498,1.1,2594,5.7,69,0.2,701,1.5,40705,90.0,33,466,1,0,2,1324,10177,13,9,17,23695,52.6,45231,
18147,Indiana,Spencer,76.3,75.1,77.6,,,,,,,,,,,,,,,,,,,,,,337,425,376,474,,,,,,,,,,,,,,,,,,,,,,11,58,29,104,,,,,,,,,,,,,,,,,,,,,,,,,,,,,,,,,,,,,,,,,,,,,,,12,11,13,10,8,11,,,36,28,44,19,17,21,22,23,14,36,22,,,,,,,,,,,,,,,,,,,,,,30,25,35,3,0,2410,12,36,29,43,20,16,25,,,,,,,,,,,,,,,,,,,,,,30,150.2,19,15,23,2,27,7,1,18,10,17,8,31,,,,,,,,,,,,,,,,,,,,,,18,16,20,26,21,30,898,8,6,9,209,5,3,6,35,2844:1,11,6482,81,79,84,481,6,5,8,12,0,135,26,0,69.2,68.1,234,96,3.6,,,,,,3.8,,,,,,0.13,11255,135,40,41530,60611,0.69,0.59,0.78,77467,73495,81439,,,,,,,,,,63438,17043,109833,72198,63690,80706,4,4,,,,,,,,,,,,,,,,,,,,,,,,,,20,14,9,22,,,,,,,,,,,,,,,,,,,,,,15,15,8,25,,,,,,,,,,,,,,,,,,,,,,,,,21,18,24,21.5,21.0,49.1,72,0.4,79,0.4,735,3.7,1,0.0,170,0.9,18619,93.5,28,68,0,0,1,641,4330,15,10,20,19810,100.0,19910,
18149,Indiana,Starke,72.1,71.0,73.3,,,,,,,,,,,,,,,,,,,,,,563,627,571,683,,,,,,,,,,,,,,,,,,,,,,,,,,,,,,,,,,,,,,,,,,,,,,,,,,,,,,,,,,,,,,,,,,,,,,,,14,12,15,11,9,12,19,97,40,33,48,20,18,22,21,19,11,29,18,,,,,,,,,,,,,,,,,,,,,,32,27,37,299,1,3650,16,41,34,47,27,22,31,,,,,,,,,,,,,,,,,,,,,,23,98.9,18,14,22,4,27,15,6,26,42,60,43,81,,,,,,,,,,,,,,,,,,,,,,20,17,22,28,24,32,1309,10,8,12,294,6,4,7,69,1450:1,15,7334,84,81,86,747,9,6,11,13,0,54,58,0,64.4,58.9,262,89,2.9,,,,,,2.9,,,,,,0.02,12839,626,61,39472,56597,0.70,0.60,0.80,61259,54149,68369,,,,145000,61329,228671,,,,44490,2696,86284,63933,59248,68618,3,2,,,,,,,,,,,,,,,,,,,,,,,,,,45,28,20,37,,,,,,,,,,,,,,,,,,,,,,18,16,9,25,,,,,,,,,,,,,,,,,,,,,,,,,25,22,29,22.2,21.1,49.7,134,0.6,99,0.4,1019,4.4,2,0.0,146,0.6,21613,93.1,31,59,0,0,1,864,5319,16,10,22,23371,100.0,23206,
18151,Indiana,Steuben,77.4,76.3,78.4,,,,,,,,,,,,,,,,,,,,,,537,391,355,428,,,,,,,,,,,,,,,,,,,,,,23,71,45,106,,,,,,,,,,,,,,,,,,,,,,,,,,,,,,,,,,,,,,,,,,,,,,,11,10,13,10,8,11,23,77,34,27,42,17,15,18,36,20,14,29,21,,,,,,,,,,,,,,,,,,,,,,32,27,37,3917,11,4290,12,37,30,43,21,18,25,36,22,55,,,,,,,,,,,,,,,,21,17,24,77,221.7,19,15,23,7,36,19,11,29,12,12,6,20,,,,,,,,,,,,,,,,,,,,,,14,12,16,21,18,25,1579,8,7,10,375,5,4,7,60,1663:1,37,11037,80,79,81,1236,9,7,12,25,0,36,52,0,58.0,59.4,258,89,2.9,,,,,,3.1,,,,,,0.04,13150,3071,50,45597,58619,0.78,0.72,0.83,71355,64219,78491,,,,113462,36035,190889,,,,53250,6849,99651,71207,67020,75394,9,5,,,,,,,,,,,,,,,,,,,,,,,,,,40,17,12,23,,,,,,,,,,,,,,,,,,,,,,28,16,11,23,,,,,,,,,,,,,,,,,,,,,,,,,23,20,26,19.5,22.7,48.6,149,0.4,287,0.8,1576,4.5,25,0.1,310,0.9,32224,92.3,26,49,0,0,1,839,6914,12,8,16,21749,63.2,34917,
18153,Indiana,Sullivan,75.2,74.0,76.4,,,,,,,,,,,,,,,,,,,,,,394,502,450,553,,,,,,,,,,,,,,,,,,,,,,16,93,53,150,,,,,,,,,,,,,,,,,,,,,,,,,,,,,,,,,,,,,,,,,,,,,,,14,13,16,11,10,13,17,94,38,30,46,20,18,22,20,19,11,30,19,,,,,,,,,,,,,,,,,,,,,,31,26,36,1167,5,3080,15,38,31,45,29,23,34,,,,,,,,,,,,,,,,,,,,,,53,256.4,18,15,23,2,23,9,2,21,,,,,,,,,,,,,,,,,,,,,,,,,,21,19,24,29,25,34,905,8,7,10,173,4,3,6,87,1153:1,14,5820,76,72,79,624,8,6,11,20,0,113,39,1,62.6,54.2,209,96,3.2,,,,,,3.3,,,,,,0.04,11817,-357,58,41692,50197,0.83,0.75,0.91,59148,50860,67436,,,,,,,,,,34191,5527,62855,55610,50809,60411,3,2,,,,,,,,,,,,,,,,,,,,,,,,,,28,19,13,28,,,,,,,,,,,,,,,,,,,,,,13,13,7,22,,,,,,,,,,,,,,,,,,,,,,,,,24,20,27,18.7,19.2,45.1,75,0.4,64,0.3,409,2.0,12,0.1,1030,5.0,18916,91.1,32,28,0,0,1,1085,3992,27,18,36,15943,76.6,20757,
18155,Indiana,Switzerland,74.0,71.9,76.2,,,,,,,,,,,,,,,,,,,,,,199,537,458,617,,,,,,,,,,,,,,,,,,,,,,19,177,107,277,,,,,,,,,,,,,,,,,,,,,,,,,,,,,,,,,,,,,,,,,,,,,,,14,12,15,11,10,13,6,72,40,32,48,20,18,22,,,,,,,,,,,,,,,,,,,,,,,,,,,33,28,38,331,3,1650,17,38,31,46,26,20,34,,,,,,,,,,,,,,,,,,,,,,17,169.9,19,15,23,3,14,21,8,37,12,39,20,69,,,,,,,,,,,,,,,,,,,,,,21,19,24,30,25,35,607,11,9,13,156,6,4,9,20,5010:1,2,3111,80,77,83,260,7,4,10,,0,73,31,0,56.8,51.5,109,88,2.9,,,,,,2.9,,,,,,0.01,10965,-2671,55,41895,55540,0.75,0.65,0.86,60219,52216,68222,,,,,,,,,,,,,,,,1,2,,,,,,,,,,,,,,,,,,,,,,,,,,20,27,17,42,,,,,,,,,,,,,,,,,,,,,,,,,,,,,,,,,,,,,,,,,,,,,,,,,,26,22,29,23.6,19.8,47.8,45,0.4,41,0.4,163,1.6,5,0.0,114,1.1,9554,95.4,32,47,1,0,2,601,2372,25,13,38,9737,100.0,10019,
18157,Indiana,Tippecanoe,77.6,77.1,78.0,84.2,79.6,88.7,,,,89.4,83.6,95.1,71.1,68.6,73.5,,,,,,,77.4,77.0,77.9,1993,379,362,396,270,211,339,,,,76,43,123,707,581,832,,,,,,,388,369,407,107,52,42,62,90,59,134,,,,,,,137,87,205,,,,,,,41,31,53,100,7,5,8,,,,,,,,,,15,10,22,,,,,,,5,4,6,13,11,14,12,10,13,227,140,35,30,40,18,16,19,124,13,11,16,13,,,,,,,,,,,,,,,,,,,,,,32,28,37,30127,17,27130,15,38,32,43,11,10,12,22,19,26,,,,,,,30,25,36,,,,23,16,31,8,7,9,996,527.8,19,15,22,9,66,14,8,20,130,23,19,27,,,,,,,,,,38,20,65,,,,,,,25,20,29,18,15,20,27,23,30,11432,10,9,11,2050,5,4,7,127,790:1,109,40112,54,53,55,11618,16,15,18,44,0,92,63,0,67.1,52.0,1503,91,3.2,,,2.5,3.0,3.4,3.3,,4.4,2.5,3.0,3.5,0.10,12550,598,48,45264,56755,0.80,0.74,0.85,61681,58028,65334,41750,3968,79532,33290,18129,48451,37216,30909,43523,53994,43103,64885,63308,59716,66900,50,5,36,3,3,5,,,,,,,,,,28,17,43,,,,,,,2,1,3,97,7,6,9,,,,,,,,,,,,,,,,,,,,,,98,10,8,12,,,,,,,,,,36,22,55,,,,,,,10,7,12,2,1,3,23,20,26,20.2,12.6,48.7,767,0.4,15742,8.3,19696,10.4,125,0.1,11949,6.3,136826,72.5,29,3798,2,2,3,7842,38241,21,17,24,29151,15.7,188792,
18159,Indiana,Tipton,75.9,74.5,77.3,,,,,,,,,,,,,,,,,,,,,,283,455,398,512,,,,,,,,,,,,,,,,,,,,,,,,,,,,,,,,,,,,,,,,,,,,,,,,,,,,,,,,,,,,,,,,,,,,,,,,12,10,13,10,8,11,6,46,36,28,44,18,16,19,23,29,18,45,30,,,,,,,,,,,,,,,,,,,,,,32,27,38,1167,7,2060,14,35,28,42,21,16,26,,,,,,,,,,,,,,,,,,,,,,31,201.8,19,15,23,4,23,17,7,30,,,,,,,,,,,,,,,,,,,,,,,,,,16,14,18,25,21,29,735,8,7,10,159,5,3,6,33,3051:1,23,5126,82,78,86,286,5,3,7,,0,69,37,0,70.5,68.5,167,97,3.3,,,,,,3.6,,,,,,0.01,11492,957,44,51276,62283,0.82,0.72,0.93,76188,67666,84710,,,,,,,,,,33592,32088,35096,80793,71945,89641,3,4,,,,,,,,,,,,,,,,,,,,,,,,,,16,15,9,24,,,,,,,,,,,,,,,,,,,,,,20,26,16,41,,,,,,,,,,,,,,,,,,,,,,,,,24,20,28,20.4,22.6,49.6,54,0.4,153,1.0,525,3.4,7,0.0,118,0.8,14250,93.4,28,43,0,0,1,357,3162,11,6,17,9452,61.5,15256,
18161,Indiana,Union,75.1,73.1,77.2,,,,,,,,,,,,,,,,,,,,,,142,503,414,592,,,,,,,,,,,,,,,,,,,,,,,,,,,,,,,,,,,,,,,,,,,,,,,,,,,,,,,,,,,,,,,,,,,,,,,,13,12,15,10,9,12,,,40,32,49,20,18,22,,,,,,,,,,,,,,,,,,,,,,,,,,,32,27,37,,,830,12,37,30,44,21,14,30,,,,,,,,,,,,,,,,,,,,,,6,86.3,19,15,23,1,9,11,1,33,,,,,,,,,,,,,,,,,,,,,,,,,,20,18,23,28,23,33,361,9,7,11,97,6,4,9,57,1743:1,31,2356,83,79,86,202,7,4,11,15,0,55,37,0,65.0,62.9,93,88,3.1,,,,,,2.9,,,,,,0.02,12508,553,50,45893,54274,0.85,0.59,1.10,64648,55009,74287,,,,,,,,,,39018,21650,56386,81389,69563,93215,2,5,,,,,,,,,,,,,,,,,,,,,,,,,,11,22,11,40,,,,,,,,,,,,,,,,,,,,,,,,,,,,,,,,,,,,,,,,,,,,,,,,,,23,20,27,20.9,21.5,50.2,19,0.3,25,0.4,96,1.4,4,0.1,84,1.2,6626,95.0,31,2,0,0,1,248,1453,17,8,26,7087,100.0,6973,
18163,Indiana,Vanderburgh,74.1,73.6,74.5,87.1,76.4,97.8,,,,85.6,80.1,91.1,68.0,66.6,69.5,,,,,,,74.6,74.1,75.0,3431,526,508,544,330,231,456,,,,,,,846,766,926,,,,,,,504,485,524,134,76,63,89,,,,,,,,,,171,121,234,,,,,,,61,49,76,108,7,6,9,,,,,,,,,,15,10,21,,,,,,,5,4,7,13,11,14,11,9,12,340,223,39,34,45,19,17,20,188,20,17,23,21,,,,,,,,,,11,5,20,,,,,,,23,19,26,35,30,39,20871,12,26740,15,41,36,46,22,20,23,25,19,33,,,,,,,40,35,46,79,40,142,38,31,47,18,16,19,1343,747.2,19,16,22,9,81,11,6,17,211,39,34,44,,,,,,,,,,65,45,90,,,,,,,39,33,45,17,15,19,28,24,31,9461,9,8,10,2015,5,4,6,229,437:1,108,49772,64,63,66,9568,13,11,14,51,0,164,32,0,69.6,55.7,1771,79,3.0,,2.6,2.2,2.5,3.3,3.1,,2.7,2.4,2.6,3.4,0.11,12310,-309,56,45395,56485,0.80,0.76,0.84,60923,56886,64960,33671,32816,34526,65560,23522,107598,36794,29520,44068,55154,41223,69085,63774,62150,65398,80,8,53,9,7,10,,,,,,,,,,45,34,58,,,,,,,5,4,6,133,10,9,12,,,,,,,,,,13,7,21,,,,,,,10,8,12,183,20,17,23,,,,,,,,,,49,36,66,,,,,,,18,15,21,3,2,5,24,21,28,21.6,18.7,51.2,583,0.3,2478,1.4,7010,3.9,651,0.4,18519,10.3,145520,80.9,30,1045,1,0,1,12002,39087,31,27,34,14333,8.0,179810,
18165,Indiana,Vermillion,74.3,72.9,75.7,,,,,,,,,,,,,,,,,,,,,,317,519,458,580,,,,,,,,,,,,,,,,,,,,,,10,67,32,124,,,,,,,,,,,,,,,,,,,,,,,,,,,,,,,,,,,,,,,,,,,,,,,15,13,16,11,9,12,8,61,41,33,49,21,19,23,21,26,16,40,27,,,,,,,,,,,,,,,,,,,,,,32,27,37,275,2,2500,16,38,31,45,27,21,33,,,,,,,,,,,,,,,,,,,,,,44,284.8,18,14,22,1,13,8,0,25,,,,,,,,,,,,,,,,,,,,,,,,,,22,19,24,31,26,36,754,8,7,10,161,5,3,6,143,701:1,32,4867,74,70,78,455,7,4,10,20,0,110,50,0,64.4,62.4,195,89,2.8,,,,,,2.9,,,,,,0.03,12554,574,58,40807,54583,0.75,0.63,0.87,58743,50398,67088,51591,5152,98030,,,,,,,73438,37403,109473,59454,54016,64892,3,4,,,,,,,,,,,,,,,,,,,,,,,,,,19,18,11,27,,,,,,,,,,,,,,,,,,,,,,12,16,8,27,,,,,,,,,,,,,,,,,,,,,,,,,24,21,28,21.5,20.4,49.8,67,0.4,48,0.3,255,1.7,9,0.1,113,0.7,14732,95.6,34,27,0,0,1,689,3388,20,13,28,9056,58.7,15417,
18167,Indiana,Vigo,73.7,73.2,74.2,92.7,74.6,110.8,,,,101.7,79.2,124.1,71.5,69.2,73.8,,,,,,,73.3,72.7,73.9,2055,569,543,594,,,,,,,,,,712,592,832,,,,,,,585,557,613,61,59,45,76,,,,,,,,,,,,,,,,,,,,,,61,7,6,10,,,,,,,,,,,,,,,,,,,,,,14,13,16,12,10,14,220,242,41,35,47,20,18,22,103,19,15,23,19,,,,,,,,,,,,,,,,,,,,,,33,29,38,21560,20,17880,17,41,35,46,23,21,25,22,13,35,,,,,,,15,11,21,,,,32,22,44,24,22,26,678,639.6,16,13,20,8,71,11,6,18,82,26,20,32,,,,,,,,,,,,,,,,,,,,,,21,19,24,29,25,33,6051,10,8,12,1522,7,5,9,203,491:1,86,26984,63,61,65,6596,16,14,18,22,0,116,46,0,64.0,52.3,1014,78,3.0,,,2.7,3.0,3.0,3.2,,,2.8,2.8,3.2,0.07,12067,62,61,43095,51895,0.83,0.78,0.88,50665,45514,55816,57782,37007,78557,77963,42558,113368,22161,8097,36225,49808,25722,73894,54402,52075,56729,21,4,53,5,4,7,,,,,,,,,,,,,,,,,,,,,,87,12,9,14,,,,,,,,,,,,,,,,,,,,,,64,12,9,15,,,,,,,,,,,,,,,,,,,,,,4,2,5,24,21,28,20.5,17.7,49.6,460,0.4,2268,2.1,3473,3.3,68,0.1,7223,6.8,90047,84.8,32,516,1,0,1,5777,21715,27,23,30,26291,24.8,106153,
18169,Indiana,Wabash,73.9,72.9,74.9,,,,,,,,,,,,,,,,,,,,,,600,518,473,563,,,,,,,,,,,,,,,,,,,,,,17,58,34,93,,,,,,,,,,,,,,,,,,,,,,,,,,,,,,,,,,,,,,,,,,,,,,,13,11,14,10,9,12,13,49,37,30,44,18,17,20,22,14,9,22,14,,,,,,,,,,,,,,,,,,,,,,32,27,37,2360,7,4210,14,34,28,40,20,17,24,,,,,,,,,,,,,,,,,,,,,,84,272.5,19,16,23,5,27,19,9,30,32,35,24,49,,,,,,,,,,,,,,,,,,,,,,19,17,21,27,23,31,1597,9,8,11,336,5,3,7,72,1394:1,38,10094,80,78,83,915,7,5,10,30,0,72,25,0,68.5,59.4,544,80,3.0,,,,,,3.0,,,,,,0.05,11716,1687,53,43067,62763,0.69,0.60,0.77,60668,52768,68568,110114,88438,131790,46324,18826,73822,,,,66389,42755,90023,69877,63193,76561,15,9,,,,,,,,,,,,,,,,,,,,,,,,,,33,15,10,21,,,,,,,,,,,,,,,,,,,,,,22,14,9,22,,,,,,,,,,,,,,,,,,,,,,,,,23,20,27,21.1,22.2,51.1,230,0.7,177,0.6,1004,3.3,10,0.0,281,0.9,28592,93.2,31,28,0,0,1,1559,6387,24,15,33,15534,50.1,30670,
18171,Indiana,Warren,77.6,75.6,79.5,,,,,,,,,,,,,,,,,,,,,,129,380,310,451,,,,,,,,,,,,,,,,,,,,,,,,,,,,,,,,,,,,,,,,,,,,,,,,,,,,,,,,,,,,,,,,,,,,,,,,13,11,14,10,9,12,,,37,29,44,19,18,21,,,,,,,,,,,,,,,,,,,,,,,,,,,32,27,37,145,2,1230,15,40,33,47,14,9,20,,,,,,,,,,,,,,,,,,,,,,7,82.7,19,15,24,2,12,17,4,34,,,,,,,,,,,,,,,,,,,,,,,,,,21,18,23,26,22,31,311,6,5,8,81,4,3,6,23,4259:1,8,2722,81,77,85,241,8,4,11,0,0,95,63,0,70.2,69.4,96,98,3.0,,,,,,3.1,,,,,,0.03,11285,405,51,47385,61373,0.77,0.70,0.85,74750,63786,85714,,,,,,,,,,,,,,,,1,2,,,,,,,,,,,,,,,,,,,,,,,,,,,,,,,,,,,,,,,,,,,,,,,,,,,,,,,,,,,,,,,,,,,,,,,,,,,,,,,24,20,27,22.0,21.4,49.5,40,0.5,47,0.6,203,2.4,5,0.1,36,0.4,8085,94.9,30,6,0,0,1,437,1877,23,15,32,8440,100.0,8518,
18173,Indiana,Warrick,76.9,76.2,77.6,,,,,,,86.9,79.7,94.2,,,,,,,,,,76.5,75.8,77.2,915,373,348,399,,,,,,,,,,,,,,,,,,,,,,38,58,41,80,,,,,,,,,,,,,,,,,,,,,,26,6,4,9,,,,,,,,,,,,,,,,,,,,,,10,9,12,9,8,11,42,76,40,33,47,16,15,18,48,14,11,19,15,,,,,,,,,,,,,,,,,,,,,,29,24,33,4116,7,6930,11,36,30,43,11,9,12,,,,,,,,,,,,,,,,,,,,,,176,270.0,19,15,23,5,30,17,8,27,45,23,17,31,,,,,,,,,,,,,,,,,,,,,,14,13,16,21,18,25,2283,6,5,7,526,3,2,4,217,461:1,41,20381,83,81,84,1946,8,6,10,17,0,160,29,0,76.2,72.9,765,92,3.5,,4.1,,3.2,3.5,3.6,,4.2,,3.3,3.6,0.06,11200,1526,36,54497,71663,0.76,0.70,0.82,87293,77836,96750,,,,,,,106406,44516,168296,62721,15324,110118,94245,87442,101048,13,4,57,3,2,5,,,,,,,,,,,,,,,,,,,,,,51,11,9,15,,,,,,,,,,,,,,,,,,,,,,38,12,8,16,,,,,,,,,,,,,,,,,,,,,,,,,21,18,24,22.7,19.2,50.6,231,0.4,1819,2.8,1676,2.5,37,0.1,1378,2.1,59662,90.6,24,115,0,0,0,2525,15035,17,12,21,17087,26.7,65867,
18175,Indiana,Washington,72.5,71.4,73.6,,,,,,,,,,,,,,,,,,,,,,638,607,557,656,,,,,,,,,,,,,,,,,,,,,,22,79,49,119,,,,,,,,,,,,,,,,,,,,,,,,,,,,,,,,,,,,,,,,,,,,,,,14,12,15,11,9,12,24,101,42,34,50,20,18,22,32,24,16,34,23,,,,,,,,,,,,,,,,,,,,,,33,28,38,885,3,4100,15,37,31,44,26,22,31,,,,,,,,,,,,,,,,,,,,,,48,170.1,17,14,21,3,34,9,3,18,40,47,34,64,,,,,,,,,,,,,,,,,,,,,,21,18,23,29,25,33,1501,9,8,11,336,5,3,7,43,2350:1,32,9048,82,80,85,1017,10,7,12,,0,72,36,0,67.0,56.5,306,89,3.2,,,,,,3.4,,,,,,0.02,12603,-655,52,41740,53116,0.79,0.68,0.89,55682,50076,61288,,,,,,,,,,120347,14567,226127,61444,53833,69055,6,4,,5,2,9,,,,,,,,,,,,,,,,,,,,,,50,26,19,34,,,,,,,,,,,,,,,,,,,,,,26,19,12,27,,,,,,,,,,,,,,,,,,,,,,11,4,18,26,23,30,22.3,19.1,49.9,93,0.3,91,0.3,462,1.6,6,0.0,198,0.7,27025,95.8,32,40,0,0,1,1510,6486,23,18,29,21565,76.5,28205,
18177,Indiana,Wayne,72.3,71.6,73.0,,,,,,,,,,64.3,61.2,67.5,,,,,,,72.4,71.7,73.1,1486,610,577,643,,,,,,,,,,1061,855,1266,,,,,,,603,568,637,43,66,48,89,,,,,,,,,,,,,,,,,,,,,,39,7,5,10,,,,,,,,,,,,,,,,,,,,,,15,13,16,12,10,13,80,143,39,33,46,21,19,23,59,18,14,24,18,,,,,,,,,,,,,,,,,,,,,,34,29,38,11461,17,10750,16,41,35,47,26,24,29,28,19,41,,,,,,,37,25,54,,,,32,21,46,26,23,29,325,490.4,18,15,22,7,35,20,12,30,151,76,64,88,,,,,,,,,,147,80,246,,,,,,,76,63,89,23,21,26,31,27,36,3756,10,8,12,727,5,3,6,175,570:1,62,18696,70,68,72,3195,12,10,14,25,0,49,38,0,65.8,54.7,603,96,2.8,,,2.3,2.6,2.9,2.9,,,2.5,2.5,3.0,0.10,11359,-1346,61,40868,54957,0.74,0.69,0.79,52956,48700,57212,47241,11182,83300,,,,33393,13138,53648,42143,25693,58593,58562,55138,61986,16,4,54,8,5,11,,,,,,,,,,45,21,82,,,,,,,6,4,9,57,12,9,16,,,,,,,,,,,,,,,,,,,,,,64,19,15,25,,,,,,,,,,82,43,139,,,,,,,18,13,23,8,4,12,25,22,29,22.6,19.8,51.3,269,0.4,772,1.2,2663,4.0,78,0.1,3235,4.9,57082,86.3,35,560,1,1,1,3580,14946,24,19,29,25090,37.7,66127,
18179,Indiana,Wells,76.7,75.7,77.6,,,,,,,,,,,,,,,,,,,,,,414,388,348,427,,,,,,,,,,,,,,,,,,,,,,16,53,30,86,,,,,,,,,,,,,,,,,,,,,,,,,,,,,,,,,,,,,,,,,,,,,,,13,12,15,10,9,12,13,56,41,34,49,20,18,22,19,15,9,23,13,,,,,,,,,,,,,,,,,,,,,,31,27,36,3503,13,3230,12,40,33,47,18,14,21,44,22,79,,,,,,,,,,,,,,,,17,13,20,60,211.8,20,16,24,1,19,5,0,19,15,18,10,29,,,,,,,,,,,,,,,,,,,,,,20,18,23,29,25,34,1184,7,6,9,341,5,3,6,77,1298:1,47,8656,76,73,79,728,7,5,8,25,0,56,23,0,74.3,67.3,383,94,3.0,,,,,,3.2,,,,,,0.03,11200,1716,41,42189,57500,0.73,0.63,0.83,69833,60512,79154,,,,,,,61831,14935,108727,78125,55471,100779,69469,62996,75942,7,4,63,,,,,,,,,,,,,,,,,,,,,,,,,27,14,9,20,,,,,,,,,,,,,,,,,,,,,,10,7,3,13,,,,,,,,,,,,,,,,,,,,,,,,,23,20,27,24.7,19.2,50.1,87,0.3,177,0.6,1182,4.1,20,0.1,286,1.0,26466,92.7,32,94,0,0,1,847,6974,12,8,16,17834,63.3,28555,
18181,Indiana,White,75.3,74.2,76.5,82.7,76.9,88.6,,,,,,,,,,,,,,,,74.6,73.4,75.9,455,477,429,524,,,,,,,,,,,,,,,,,,,,,,11,44,22,79,,,,,,,,,,,,,,,,,,,,,,,,,,,,,,,,,,,,,,,,,,,,,,,14,12,15,11,9,12,17,82,39,32,48,19,18,21,32,27,19,39,26,,,,,,,,,,,,,,,,,,,,,,34,29,39,98,0,3130,13,39,32,46,31,26,36,59,43,78,,,,,,,,,,,,,,,,27,22,32,82,333.4,20,15,24,2,30,7,1,17,21,29,18,44,,,,,,,,,,,,,,,,,,,,,,20,18,23,29,24,34,1551,11,9,13,395,7,5,9,36,2769:1,41,7826,79,77,82,966,10,7,13,,1,85,70,1,58.4,62.7,324,88,3.1,,,,,,3.3,,,,2.9,3.4,0.12,12395,318,59,44033,55919,0.79,0.69,0.88,67077,59929,74225,,,,60250,24563,95937,108664,108266,109062,61563,39189,83937,66215,62901,69529,4,3,81,6,3,11,,,,,,,,,,,,,,,,,,,,,,32,19,13,27,,,,,,,,,,,,,,,,,,,,,,20,16,10,25,,,,,,,,,,,,,,,,,,,,,,,,,26,23,30,23.6,21.9,50.1,191,0.8,174,0.7,2718,10.9,21,0.1,161,0.6,21511,86.3,31,413,2,1,2,996,5790,17,11,23,15156,61.4,24917,
18183,Indiana,Whitley,77.8,76.9,78.7,,,,,,,,,,,,,,,,,,,,,,497,366,332,400,,,,,,,,,,,,,,,,,,,,,,12,35,18,61,,,,,,,,,,,,,,,,,,,,,,,,,,,,,,,,,,,,,,,,,,,,,,,12,11,14,10,8,11,22,76,35,28,42,19,17,21,12,7,3,12,7,,,,,,,,,,,,,,,,,,,,,,30,26,35,404,1,4260,12,36,30,43,14,12,17,,,,,,,,,,,,,,,,,,,,,,86,248.4,19,15,23,1,26,4,0,15,22,21,13,32,,,,,,,,,,,,,,,,,,,,,,18,16,21,26,22,30,1524,8,6,9,349,4,3,6,55,1829:1,38,11172,80,78,82,918,7,5,9,23,0,50,33,0,76.8,67.6,481,92,3.2,,,,,,3.2,,,,,,0.02,11551,1510,34,44758,65613,0.68,0.62,0.75,76326,68442,84210,,,,79018,74325,83711,,,,59426,51748,67104,76640,71818,81462,10,5,,,,,,,,,,,,,,,,,,,,,,,,,,39,16,12,22,,,,,,,,,,,,,,,,,,,,,,,,,,,,,,,,,,,,,,,,,,,,,,,11,4,19,23,19,26,22.7,19.9,49.6,157,0.5,190,0.5,1025,3.0,14,0.0,205,0.6,32685,94.1,28,62,0,0,1,1919,7936,24,17,31,23621,69.1,34742,
